source_id,external_item_id,year,subject,population,grade_or_level,correct_rate,sample_size,topic_tags,skill_tags,metadata_confidence,status
TIMSS-2011-G4-M,M031346A,2011,math,Grade 4,4,0.62,,trading-cards-cartoon-cards,,HIGH,EMPIRICAL
TIMSS-2011-G4-M,M031346B,2011,math,Grade 4,4,0.31,,trading-cards-sports-cards,,HIGH,EMPIRICAL
TIMSS-2011-G4-M,M031346C,2011,math,Grade 4,4,0.24,,trading-cards-max-number-of-cards,,HIGH,EMPIRICAL
TIMSS-2011-G4-M,M031379,2011,math,Grade 4,4,0.25,,trading-cards-trading-sports-cards,,HIGH,EMPIRICAL
TIMSS-2011-G4-M,M031380,2011,math,Grade 4,4,0.18,,trading-card-trading-cartoon-cards,,HIGH,EMPIRICAL
TIMSS-2011-G4-M,M031313,2011,math,Grade 4,4,0.73,,total-number-of-people-on-a-ship,,HIGH,EMPIRICAL
TIMSS-2011-G4-M,M031083,2011,math,Grade 4,4,0.69,,pieces-of-cardboard-to-make-shape,,HIGH,EMPIRICAL
TIMSS-2011-G4-M,M031071,2011,math,Grade 4,4,0.43,,position-of-shape-after-a-1-2-turn,,HIGH,EMPIRICAL
TIMSS-2011-G4-M,M031185,2011,math,Grade 4,4,0.54,,distance-between-towns-using-map,,HIGH,EMPIRICAL
TIMSS-2011-G4-M,M051305,2011,math,Grade 4,4,0.6,,how-far-did-duncan-travel,,HIGH,EMPIRICAL
TIMSS-2011-G4-M,M051091,2011,math,Grade 4,4,0.44,,find-the-inequivalent-fraction,,HIGH,EMPIRICAL
TIMSS-2011-G4-M,M051001,2011,math,Grade 4,4,0.27,,soccer-tournament,,HIGH,EMPIRICAL
TIMSS-2011-G4-M,M051007,2011,math,Grade 4,4,0.38,,number-of-hours-to-brandon-on-bike,,HIGH,EMPIRICAL
TIMSS-2011-G4-M,M051203,2011,math,Grade 4,4,0.41,,multiply-23-and-19,,HIGH,EMPIRICAL
TIMSS-2011-G4-M,M051601,2011,math,Grade 4,4,0.54,,number-of-matches-for-figure-4,,HIGH,EMPIRICAL
TIMSS-2011-G4-M,M051064A,2011,math,Grade 4,4,0.5,,complete-the-table,,HIGH,EMPIRICAL
TIMSS-2011-G4-M,M051064B,2011,math,Grade 4,4,0.64,,put-an-x-where-troy-lives,,HIGH,EMPIRICAL
TIMSS-2011-G4-M,M051015,2011,math,Grade 4,4,0.42,,complete-jay-s-shape,,HIGH,EMPIRICAL
TIMSS-2011-G4-M,M051123,2011,math,Grade 4,4,0.43,,lines-of-symmetry-complex-figure,,HIGH,EMPIRICAL
TIMSS-2011-G4-M,M051109,2011,math,Grade 4,4,0.54,,vanilla-as-favorite-ice-cream,,HIGH,EMPIRICAL
TIMSS-2011-G4-M,M051117,2011,math,Grade 4,4,0.54,,more-students-in-the-pine-school,,HIGH,EMPIRICAL
TIMSS-2011-G4-M,M041010,2011,math,Grade 4,4,0.72,,place-value-of-8,,HIGH,EMPIRICAL
TIMSS-2011-G4-M,M041098,2011,math,Grade 4,4,0.44,,how-many-cans-must-sean-buy,,HIGH,EMPIRICAL
TIMSS-2011-G4-M,M041064,2011,math,Grade 4,4,0.59,,shade-1-2-of-the-larger-triangle,,HIGH,EMPIRICAL
TIMSS-2011-G4-M,M041003,2011,math,Grade 4,4,0.48,,smallest-3-digit-number,,HIGH,EMPIRICAL
TIMSS-2011-G4-M,M041104,2011,math,Grade 4,4,0.48,,number-between-5-and-6,,HIGH,EMPIRICAL
TIMSS-2011-G4-M,M041299,2011,math,Grade 4,4,0.23,,fraction-of-the-cake-eaten,,HIGH,EMPIRICAL
TIMSS-2011-G4-M,M041329,2011,math,Grade 4,4,0.64,,which-one-is-a-right-angle,,HIGH,EMPIRICAL
TIMSS-2011-G4-M,M041143,2011,math,Grade 4,4,0.53,,identify-shapes-in-the-picture,,HIGH,EMPIRICAL
TIMSS-2011-G4-M,M041158,2011,math,Grade 4,4,0.63,,number-of-boxes-in-the-stack,,HIGH,EMPIRICAL
TIMSS-2011-G4-M,M041328,2011,math,Grade 4,4,0.53,,draw-reflection-of-the-triangle,,HIGH,EMPIRICAL
TIMSS-2011-G4-M,M041155,2011,math,Grade 4,4,0.5,,how-far-does-ruth-walk,,HIGH,EMPIRICAL
TIMSS-2011-G4-M,M041284,2011,math,Grade 4,4,0.15,,identify-the-shapes,,HIGH,EMPIRICAL
TIMSS-2011-G4-M,M041335,2011,math,Grade 4,4,0.76,,class-with-fewest-choose-blue,,HIGH,EMPIRICAL
TIMSS-2011-G4-M,M041184,2011,math,Grade 4,4,0.71,,comparing-pie-chart-with-bar-chart,,HIGH,EMPIRICAL
TIMSS-2011-G4-M,M031128,2011,math,Grade 4,4,0.72,,5631-plus-286,,HIGH,EMPIRICAL
TIMSS-2011-G4-M,M031016,2011,math,Grade 4,4,0.26,,what-is-the-prize-winning-number,,HIGH,EMPIRICAL
TIMSS-2011-G4-M,M031183,2011,math,Grade 4,4,0.23,,recipe-for-3-people,,HIGH,EMPIRICAL
TIMSS-2011-G4-M,M031187,2011,math,Grade 4,4,0.73,,kim-gave-pete-3-more-pencils,,HIGH,EMPIRICAL
TIMSS-2011-G4-M,M031251,2011,math,Grade 4,4,0.47,,ebru-s-rule-to-get-number-in-box,,HIGH,EMPIRICAL
TIMSS-2011-G4-M,M031294,2011,math,Grade 4,4,0.56,,how-much-the-apples-weigh-in-grams,,HIGH,EMPIRICAL
TIMSS-2011-G4-M,M031297,2011,math,Grade 4,4,0.3,,shaded-area-in-square-centimeters,,HIGH,EMPIRICAL
TIMSS-2011-G4-M,M031218,2011,math,Grade 4,4,0.55,,600-books-to-be-packed-into-boxes,,HIGH,EMPIRICAL
TIMSS-2011-G4-M,M031109,2011,math,Grade 4,4,0.63,,the-angles-ordered-by-size,,HIGH,EMPIRICAL
TIMSS-2011-G4-M,M031159,2011,math,Grade 4,4,0.64,,rotate-the-shape-1-4-clockwise,,HIGH,EMPIRICAL
TIMSS-2011-G4-M,M031133,2011,math,Grade 4,4,0.73,,favorite-colors-of-darin-s-friends,,HIGH,EMPIRICAL
TIMSS-2011-G4-M,M041107,2011,math,Grade 4,4,0.78,,number-sentence-for-a-situation,,HIGH,EMPIRICAL
TIMSS-2011-G4-M,M041011,2011,math,Grade 4,4,0.66,,number-100-more-than-5432,,HIGH,EMPIRICAL
TIMSS-2011-G4-M,M041122,2011,math,Grade 4,4,0.27,,numbers-which-are-factor-of-12,,HIGH,EMPIRICAL
TIMSS-2011-G4-M,M041041,2011,math,Grade 4,4,0.6,,number-closest-to-9-multiply-by-22,,HIGH,EMPIRICAL
TIMSS-2011-G4-M,M041320,2011,math,Grade 4,4,0.46,,equivalent-fractions,,HIGH,EMPIRICAL
TIMSS-2011-G4-M,M041115A,2011,math,Grade 4,4,0.58,,draw-figure-5,,HIGH,EMPIRICAL
TIMSS-2011-G4-M,M041115B,2011,math,Grade 4,4,0.45,,number-of-squares-for-figure-16,,HIGH,EMPIRICAL
TIMSS-2011-G4-M,M041160A,2011,math,Grade 4,4,0.76,,position-of-the-shop,,HIGH,EMPIRICAL
TIMSS-2011-G4-M,M041160B,2011,math,Grade 4,4,0.78,,mark-lucy-s-house,,HIGH,EMPIRICAL
TIMSS-2011-G4-M,M041327,2011,math,Grade 4,4,0.47,,draw-the-line-of-symmetry,,HIGH,EMPIRICAL
TIMSS-2011-G4-M,M041148,2011,math,Grade 4,4,0.32,,statement-about-3-d-figures,,HIGH,EMPIRICAL
TIMSS-2011-G4-M,M041265,2011,math,Grade 4,4,0.37,,relating-net-with-its-3-d-figure,,HIGH,EMPIRICAL
TIMSS-2011-G4-M,M041175,2011,math,Grade 4,4,0.77,,type-of-cookie-bakery-sell-most,,HIGH,EMPIRICAL
TIMSS-2011-G4-M,M041199,2011,math,Grade 4,4,0.72,,representing-data-on-the-bar-graph,,HIGH,EMPIRICAL
TIMSS-2011-G4-M,M031210,2011,math,Grade 4,4,0.46,,select-a-fraction-larger-than-1-2,,HIGH,EMPIRICAL
TIMSS-2011-G4-M,M031009,2011,math,Grade 4,4,0.34,,how-many-pages-needed-altogether,,HIGH,EMPIRICAL
TIMSS-2011-G4-M,M031252,2011,math,Grade 4,4,0.62,,if-the-pattern-3-6-9-12-continued,,HIGH,EMPIRICAL
TIMSS-2011-G4-M,M031316,2011,math,Grade 4,4,0.83,,4-times-box-equals-28,,HIGH,EMPIRICAL
TIMSS-2011-G4-M,M031317,2011,math,Grade 4,4,0.39,,3-8-box-plus-6,,HIGH,EMPIRICAL
TIMSS-2011-G4-M,M031079B,2011,math,Grade 4,4,0.68,,pattern-of-circles-figure-5,,HIGH,EMPIRICAL
TIMSS-2011-G4-M,M031079C,2011,math,Grade 4,4,0.39,,pattern-of-circles-figure-10,,HIGH,EMPIRICAL
TIMSS-2011-G4-M,M031004,2011,math,Grade 4,4,0.29,,length-of-string-pulled-straight,,HIGH,EMPIRICAL
TIMSS-2011-G4-M,M031043,2011,math,Grade 4,4,0.52,,a-train-from-redville-to-bedford,,HIGH,EMPIRICAL
TIMSS-2011-G4-M,M031325,2011,math,Grade 4,4,0.31,,angle-between-90-and-180-degrees,,HIGH,EMPIRICAL
TIMSS-2011-G4-M,M031088,2011,math,Grade 4,4,0.68,,jamie-is-playing-a-board-game,,HIGH,EMPIRICAL
TIMSS-2011-G4-M,M031093,2011,math,Grade 4,4,0.54,,which-dotted-line-is-of-symmetry,,HIGH,EMPIRICAL
TIMSS-2011-G4-M,M031155,2011,math,Grade 4,4,0.55,,teacher-s-pens-on-the-graph,,HIGH,EMPIRICAL
TIMSS-2011-G8-M,M032166,2011,math,Grade 8,8,0.57,,best-estimate-of-7-21x3-86-10-09,,HIGH,EMPIRICAL
TIMSS-2011-G8-M,M032721,2011,math,Grade 8,8,0.4,,sales-of-two-types-of-soft-drink,,HIGH,EMPIRICAL
TIMSS-2011-G8-M,M032757,2011,math,Grade 8,8,0.54,,red-blacktiles-complete-table,,HIGH,EMPIRICAL
TIMSS-2011-G8-M,M032760A,2011,math,Grade 8,8,0.27,,red-blacktiles-shape-with-64-tiles,,HIGH,EMPIRICAL
TIMSS-2011-G8-M,M032760B,2011,math,Grade 8,8,0.2,,red-blacktiles-shape-with-49-tiles,,HIGH,EMPIRICAL
TIMSS-2011-G8-M,M032760C,2011,math,Grade 8,8,0.15,,red-blacktiles-shape-with-44-tiles,,HIGH,EMPIRICAL
TIMSS-2011-G8-M,M032761,2011,math,Grade 8,8,0.11,,red-blacktiles-figure-n,,HIGH,EMPIRICAL
TIMSS-2011-G8-M,M032692,2011,math,Grade 8,8,0.19,,interior-angles-of-pentagon,,HIGH,EMPIRICAL
TIMSS-2011-G8-M,M032626,2011,math,Grade 8,8,0.49,,36-as-a-product-of-prime-factors,,HIGH,EMPIRICAL
TIMSS-2011-G8-M,M032595,2011,math,Grade 8,8,0.49,,the-percentage-of-caps-for-sale,,HIGH,EMPIRICAL
TIMSS-2011-G8-M,M032673,2011,math,Grade 8,8,0.47,,if-t-is-a-number-between-6-and-9,,HIGH,EMPIRICAL
TIMSS-2011-G8-M,M052216,2011,math,Grade 8,8,0.68,,select-the-decimal-equal-to-3-5,,HIGH,EMPIRICAL
TIMSS-2011-G8-M,M052231,2011,math,Grade 8,8,0.72,,add-42-65-to-5-748,,HIGH,EMPIRICAL
TIMSS-2011-G8-M,M052061,2011,math,Grade 8,8,0.41,,packing-eggs-into-boxes,,HIGH,EMPIRICAL
TIMSS-2011-G8-M,M052228,2011,math,Grade 8,8,0.37,,method-for-subtracting-fractions,,HIGH,EMPIRICAL
TIMSS-2011-G8-M,M052214,2011,math,Grade 8,8,0.41,,which-number-sentence-is-true,,HIGH,EMPIRICAL
TIMSS-2011-G8-M,M052173,2011,math,Grade 8,8,0.16,,area-of-garden-s-shaded-portion,,HIGH,EMPIRICAL
TIMSS-2011-G8-M,M052302,2011,math,Grade 8,8,0.71,,value-of-y-in-an-expression,,HIGH,EMPIRICAL
TIMSS-2011-G8-M,M052002,2011,math,Grade 8,8,0.11,,length-of-the-longest-wood-piece,,HIGH,EMPIRICAL
TIMSS-2011-G8-M,M052362,2011,math,Grade 8,8,0.41,,what-is-the-size-of-angle-b,,HIGH,EMPIRICAL
TIMSS-2011-G8-M,M052408,2011,math,Grade 8,8,0.33,,value-of-angle-b,,HIGH,EMPIRICAL
TIMSS-2011-G8-M,M052084,2011,math,Grade 8,8,0.47,,calculate-the-area-of-a-square,,HIGH,EMPIRICAL
TIMSS-2011-G8-M,M052206,2011,math,Grade 8,8,0.25,,number-of-books-to-fill-the-box,,HIGH,EMPIRICAL
TIMSS-2011-G8-M,M052429,2011,math,Grade 8,8,0.45,,probability-that-the-marble-is-red,,HIGH,EMPIRICAL
TIMSS-2011-G8-M,M052503A,2011,math,Grade 8,8,0.21,,age-structures-of-country-x-and-y,,HIGH,EMPIRICAL
TIMSS-2011-G8-M,M052503B,2011,math,Grade 8,8,0.17,,problem-of-taking-care-of-elderly,,HIGH,EMPIRICAL
TIMSS-2011-G8-M,M042032,2011,math,Grade 8,8,0.7,,equivalent-fraction-for-0-125,,HIGH,EMPIRICAL
TIMSS-2011-G8-M,M042031,2011,math,Grade 8,8,0.5,,equivalent-expression,,HIGH,EMPIRICAL
TIMSS-2011-G8-M,M042186,2011,math,Grade 8,8,0.42,,next-line-in-the-pattern,,HIGH,EMPIRICAL
TIMSS-2011-G8-M,M042059,2011,math,Grade 8,8,0.37,,complete-the-missing-boxes,,HIGH,EMPIRICAL
TIMSS-2011-G8-M,M042236,2011,math,Grade 8,8,0.56,,simplify-the-expression,,HIGH,EMPIRICAL
TIMSS-2011-G8-M,M042226,2011,math,Grade 8,8,0.44,,what-is-the-value-p,,HIGH,EMPIRICAL
TIMSS-2011-G8-M,M042103,2011,math,Grade 8,8,0.17,,solve-the-inequality,,HIGH,EMPIRICAL
TIMSS-2011-G8-M,M042086,2011,math,Grade 8,8,0.32,,what-is-the-value-of-2a-2b-4,,HIGH,EMPIRICAL
TIMSS-2011-G8-M,M042228,2011,math,Grade 8,8,0.35,,value-of-x-in-the-pattern,,HIGH,EMPIRICAL
TIMSS-2011-G8-M,M042245,2011,math,Grade 8,8,0.26,,equation-that-satisfy-number-pairs,,HIGH,EMPIRICAL
TIMSS-2011-G8-M,M042270,2011,math,Grade 8,8,0.48,,draw-an-isosceles-triangle,,HIGH,EMPIRICAL
TIMSS-2011-G8-M,M042201,2011,math,Grade 8,8,0.43,,length-of-the-rectangular-box,,HIGH,EMPIRICAL
TIMSS-2011-G8-M,M042152,2011,math,Grade 8,8,0.45,,half-turn-around-point-o,,HIGH,EMPIRICAL
TIMSS-2011-G8-M,M042269,2011,math,Grade 8,8,0.58,,long-jump-competition,,HIGH,EMPIRICAL
TIMSS-2011-G8-M,M042179,2011,math,Grade 8,8,0.54,,chance-of-getting-a-button,,HIGH,EMPIRICAL
TIMSS-2011-G8-M,M042177,2011,math,Grade 8,8,0.54,,number-of-regular-size-bottles,,HIGH,EMPIRICAL
TIMSS-2011-G8-M,M042207,2011,math,Grade 8,8,0.47,,complete-and-label-this-pie-chart,,HIGH,EMPIRICAL
TIMSS-2011-G8-M,M032094,2011,math,Grade 8,8,0.62,,4-100-plus-3-1000,,HIGH,EMPIRICAL
TIMSS-2011-G8-M,M032662,2011,math,Grade 8,8,0.23,,location-of-n-on-number-line,,HIGH,EMPIRICAL
TIMSS-2011-G8-M,M032064,2011,math,Grade 8,8,0.27,,ann-and-jenny-divide-560-zeds,,HIGH,EMPIRICAL
TIMSS-2011-G8-M,M032419,2011,math,Grade 8,8,0.44,,which-represents-2x-plus-3x,,HIGH,EMPIRICAL
TIMSS-2011-G8-M,M032477,2011,math,Grade 8,8,0.46,,cost-in-zeds-for-taxi-trip-of-n-km,,HIGH,EMPIRICAL
TIMSS-2011-G8-M,M032538,2011,math,Grade 8,8,0.43,,find-the-value-of-y-when-t-is-9,,HIGH,EMPIRICAL
TIMSS-2011-G8-M,M032324,2011,math,Grade 8,8,0.39,,distance-between-the-midpoints,,HIGH,EMPIRICAL
TIMSS-2011-G8-M,M032116,2011,math,Grade 8,8,0.45,,area-of-a-square-is-144-square-cm,,HIGH,EMPIRICAL
TIMSS-2011-G8-M,M032100,2011,math,Grade 8,8,0.47,,shape-made-up-of-same-size-cubes,,HIGH,EMPIRICAL
TIMSS-2011-G8-M,M032402,2011,math,Grade 8,8,0.51,,why-pqr-is-a-right-angle-triangle,,HIGH,EMPIRICAL
TIMSS-2011-G8-M,M032734,2011,math,Grade 8,8,0.58,,view-of-shape-directly-from-above,,HIGH,EMPIRICAL
TIMSS-2011-G8-M,M032397,2011,math,Grade 8,8,0.43,,figure-1-transformed-to-2-and-3,,HIGH,EMPIRICAL
TIMSS-2011-G8-M,M032695,2011,math,Grade 8,8,0.45,,make-a-pie-chart-with-labels,,HIGH,EMPIRICAL
TIMSS-2011-G8-M,M032132,2011,math,Grade 8,8,0.48,,how-likely-to-get-pink-candy,,HIGH,EMPIRICAL
TIMSS-2011-G8-M,M042041,2011,math,Grade 8,8,0.7,,length-of-the-original-pipe,,HIGH,EMPIRICAL
TIMSS-2011-G8-M,M042024,2011,math,Grade 8,8,0.54,,what-is-k-on-a-number-line,,HIGH,EMPIRICAL
TIMSS-2011-G8-M,M042016,2011,math,Grade 8,8,0.51,,express-256-x-4096-as-power-of-4,,HIGH,EMPIRICAL
TIMSS-2011-G8-M,M042002,2011,math,Grade 8,8,0.28,,numbers-to-get-greatest-results,,HIGH,EMPIRICAL
TIMSS-2011-G8-M,M042198A,2011,math,Grade 8,8,0.7,,next-term-in-the-pattern,,HIGH,EMPIRICAL
TIMSS-2011-G8-M,M042198B,2011,math,Grade 8,8,0.41,,term-number-100-in-the-pattern,,HIGH,EMPIRICAL
TIMSS-2011-G8-M,M042198C,2011,math,Grade 8,8,0.18,,term-number-n-in-the-pattern,,HIGH,EMPIRICAL
TIMSS-2011-G8-M,M042077,2011,math,Grade 8,8,0.51,,expression-to-equivalent-to-4-3-x,,HIGH,EMPIRICAL
TIMSS-2011-G8-M,M042235,2011,math,Grade 8,8,0.5,,what-is-the-value-of-x-and-y,,HIGH,EMPIRICAL
TIMSS-2011-G8-M,M042067,2011,math,Grade 8,8,0.4,,what-is-the-area-of-the-rectangle,,HIGH,EMPIRICAL
TIMSS-2011-G8-M,M042150,2011,math,Grade 8,8,0.41,,which-shape-has-a-line-of-symmetry,,HIGH,EMPIRICAL
TIMSS-2011-G8-M,M042300A,2011,math,Grade 8,8,0.46,,mark-the-points-b-and-c-on-graph,,HIGH,EMPIRICAL
TIMSS-2011-G8-M,M042300B,2011,math,Grade 8,8,0.36,,measure-of-angle-boc,,HIGH,EMPIRICAL
TIMSS-2011-G8-M,M042300Z,2011,math,Grade 8,8,0.31,,measure-of-angle-boc-derived,,HIGH,EMPIRICAL
TIMSS-2011-G8-M,M042260,2011,math,Grade 8,8,0.64,,how-likely-student-voted-for-pat,,HIGH,EMPIRICAL
TIMSS-2011-G8-M,M042169A,2011,math,Grade 8,8,0.43,,mean-number-of-staff-members,,HIGH,EMPIRICAL
TIMSS-2011-G8-M,M042169B,2011,math,Grade 8,8,0.29,,median-number-of-staff-members,,HIGH,EMPIRICAL
TIMSS-2011-G8-M,M042169C,2011,math,Grade 8,8,0.13,,change-in-mean-and-median,,HIGH,EMPIRICAL
TIMSS-2011-G8-M,M032352,2011,math,Grade 8,8,0.6,,the-shadow-lengths-of-four-bushes,,HIGH,EMPIRICAL
TIMSS-2011-G8-M,M032725,2011,math,Grade 8,8,0.25,,write-3-5-6-in-decimal-form,,HIGH,EMPIRICAL
TIMSS-2011-G8-M,M032683,2011,math,Grade 8,8,0.24,,simplify-3x-8-plus-x-4-plus-x-2,,HIGH,EMPIRICAL
TIMSS-2011-G8-M,M032738,2011,math,Grade 8,8,0.65,,what-xy-plus-1-mean,,HIGH,EMPIRICAL
TIMSS-2011-G8-M,M032295,2011,math,Grade 8,8,0.73,,m-boys-and-n-girls-in-a-parade,,HIGH,EMPIRICAL
TIMSS-2011-G8-M,M032331,2011,math,Grade 8,8,0.29,,degrees-minute-hand-of-clock-turns,,HIGH,EMPIRICAL
TIMSS-2011-G8-M,M032623,2011,math,Grade 8,8,0.36,,area-of-the-shaded-region-in-figure,,HIGH,EMPIRICAL
TIMSS-2011-G8-M,M032679,2011,math,Grade 8,8,0.52,,shape-of-cutout-figure,,HIGH,EMPIRICAL
TIMSS-2011-G8-M,M032047,2011,math,Grade 8,8,0.52,,sum-of-3-consecutive-whole-numbers,,HIGH,EMPIRICAL
TIMSS-2011-G8-M,M032398,2011,math,Grade 8,8,0.46,,value-of-angle-x-in-figure,,HIGH,EMPIRICAL
TIMSS-2011-G8-M,M032507,2011,math,Grade 8,8,0.31,,number-of-times-spinner-in-red-area,,HIGH,EMPIRICAL
TIMSS-2011-G8-M,M032424,2011,math,Grade 8,8,0.47,,jo-has-3-metal-blocks-to-weigh,,HIGH,EMPIRICAL
TIMSS-2011-G8-M,M032681A,2011,math,Grade 8,8,0.6,,car-production-graph-time-cars-made,,HIGH,EMPIRICAL
TIMSS-2011-G8-M,M032681B,2011,math,Grade 8,8,0.29,,car-production-graph-avg-by-hour,,HIGH,EMPIRICAL
TIMSS-2011-G8-M,M032681C,2011,math,Grade 8,8,0.34,,car-production-graph-identify-time,,HIGH,EMPIRICAL
PIRLS-2011-G4-R,R21E01M,2011,english,Grade 4,4,0.89,,fly-eagle-fly,,HIGH,EMPIRICAL
PIRLS-2011-G4-R,R21E02M,2011,english,Grade 4,4,0.73,,fly-eagle-fly,,HIGH,EMPIRICAL
PIRLS-2011-G4-R,R21E03M,2011,english,Grade 4,4,0.64,,fly-eagle-fly,,HIGH,EMPIRICAL
PIRLS-2011-G4-R,R21E04M,2011,english,Grade 4,4,0.88,,fly-eagle-fly,,HIGH,EMPIRICAL
PIRLS-2011-G4-R,R31E05C,2011,english,Grade 4,4,0.56,,fly-eagle-fly,,HIGH,EMPIRICAL
PIRLS-2011-G4-R,R21E06M,2011,english,Grade 4,4,0.7,,fly-eagle-fly,,HIGH,EMPIRICAL
PIRLS-2011-G4-R,R31E07C,2011,english,Grade 4,4,0.42,,fly-eagle-fly,,HIGH,EMPIRICAL
PIRLS-2011-G4-R,R21E08M,2011,english,Grade 4,4,0.46,,fly-eagle-fly,,HIGH,EMPIRICAL
PIRLS-2011-G4-R,R31E09C,2011,english,Grade 4,4,0.17,,fly-eagle-fly,,HIGH,EMPIRICAL
PIRLS-2011-G4-R,R21E10C,2011,english,Grade 4,4,0.56,,fly-eagle-fly,,HIGH,EMPIRICAL
PIRLS-2011-G4-R,R21E11M,2011,english,Grade 4,4,0.57,,fly-eagle-fly,,HIGH,EMPIRICAL
PIRLS-2011-G4-R,R31E12C,2011,english,Grade 4,4,0.29,,fly-eagle-fly,,HIGH,EMPIRICAL
PIRLS-2011-G4-R,R21N01M,2011,english,Grade 4,4,0.76,,day-hiking,,HIGH,EMPIRICAL
PIRLS-2011-G4-R,R21N02C,2011,english,Grade 4,4,0.63,,day-hiking,,HIGH,EMPIRICAL
PIRLS-2011-G4-R,R31N03C,2011,english,Grade 4,4,0.1,,day-hiking,,HIGH,EMPIRICAL
PIRLS-2011-G4-R,R21N04M,2011,english,Grade 4,4,0.55,,day-hiking,,HIGH,EMPIRICAL
PIRLS-2011-G4-R,R21N05M,2011,english,Grade 4,4,0.84,,day-hiking,,HIGH,EMPIRICAL
PIRLS-2011-G4-R,R21N06M,2011,english,Grade 4,4,0.74,,day-hiking,,HIGH,EMPIRICAL
PIRLS-2011-G4-R,R21N07M,2011,english,Grade 4,4,0.62,,day-hiking,,HIGH,EMPIRICAL
PIRLS-2011-G4-R,R21N08C,2011,english,Grade 4,4,0.58,,day-hiking,,HIGH,EMPIRICAL
PIRLS-2011-G4-R,R21N09M,2011,english,Grade 4,4,0.72,,day-hiking,,HIGH,EMPIRICAL
PIRLS-2011-G4-R,R21N10M,2011,english,Grade 4,4,0.6,,day-hiking,,HIGH,EMPIRICAL
PIRLS-2011-G4-R,R21N11C,2011,english,Grade 4,4,0.41,,day-hiking,,HIGH,EMPIRICAL
PIRLS-2011-G4-R,R21N12C,2011,english,Grade 4,4,0.33,,day-hiking,,HIGH,EMPIRICAL
PIRLS-2011-G4-R,R31G01M,2011,english,Grade 4,4,0.75,,giant-tooth,,HIGH,EMPIRICAL
PIRLS-2011-G4-R,R31G02C,2011,english,Grade 4,4,0.53,,giant-tooth,,HIGH,EMPIRICAL
PIRLS-2011-G4-R,R31G03M,2011,english,Grade 4,4,0.71,,giant-tooth,,HIGH,EMPIRICAL
PIRLS-2011-G4-R,R31G04C,2011,english,Grade 4,4,0.25,,giant-tooth,,HIGH,EMPIRICAL
PIRLS-2011-G4-R,R31G05M,2011,english,Grade 4,4,0.54,,giant-tooth,,HIGH,EMPIRICAL
PIRLS-2011-G4-R,R31G06M,2011,english,Grade 4,4,0.68,,giant-tooth,,HIGH,EMPIRICAL
PIRLS-2011-G4-R,R31G07M,2011,english,Grade 4,4,0.57,,giant-tooth,,HIGH,EMPIRICAL
PIRLS-2011-G4-R,R31G08CA,2011,english,Grade 4,4,0.34,,giant-tooth,,HIGH,EMPIRICAL
PIRLS-2011-G4-R,R31G08CB,2011,english,Grade 4,4,0.15,,giant-tooth,,HIGH,EMPIRICAL
PIRLS-2011-G4-R,R31G08CZ,2011,english,Grade 4,4,0.12,,giant-tooth,,HIGH,EMPIRICAL
PIRLS-2011-G4-R,R31G09M,2011,english,Grade 4,4,0.58,,giant-tooth,,HIGH,EMPIRICAL
PIRLS-2011-G4-R,R31G10C,2011,english,Grade 4,4,0.34,,giant-tooth,,HIGH,EMPIRICAL
PIRLS-2011-G4-R,R31G11M,2011,english,Grade 4,4,0.57,,giant-tooth,,HIGH,EMPIRICAL
PIRLS-2011-G4-R,R31G12C,2011,english,Grade 4,4,0.1,,giant-tooth,,HIGH,EMPIRICAL
PIRLS-2011-G4-R,R31G13CA,2011,english,Grade 4,4,0.49,,giant-tooth,,HIGH,EMPIRICAL
PIRLS-2011-G4-R,R31G13CB,2011,english,Grade 4,4,0.48,,giant-tooth,,HIGH,EMPIRICAL
PIRLS-2011-G4-R,R31G13CC,2011,english,Grade 4,4,0.4,,giant-tooth,,HIGH,EMPIRICAL
PIRLS-2011-G4-R,R31G13CZ,2011,english,Grade 4,4,0.32,,giant-tooth,,HIGH,EMPIRICAL
PIRLS-2011-G4-R,R31G14M,2011,english,Grade 4,4,0.52,,giant-tooth,,HIGH,EMPIRICAL
PIRLS-2011-G4-R,R31P01M,2011,english,Grade 4,4,0.71,,enemy-pie,,HIGH,EMPIRICAL
PIRLS-2011-G4-R,R31P02C,2011,english,Grade 4,4,0.7,,enemy-pie,,HIGH,EMPIRICAL
PIRLS-2011-G4-R,R31P03C,2011,english,Grade 4,4,0.67,,enemy-pie,,HIGH,EMPIRICAL
PIRLS-2011-G4-R,R31P04M,2011,english,Grade 4,4,0.42,,enemy-pie,,HIGH,EMPIRICAL
PIRLS-2011-G4-R,R31P05C,2011,english,Grade 4,4,0.29,,enemy-pie,,HIGH,EMPIRICAL
PIRLS-2011-G4-R,R31P06C,2011,english,Grade 4,4,0.71,,enemy-pie,,HIGH,EMPIRICAL
PIRLS-2011-G4-R,R31P07C,2011,english,Grade 4,4,0.46,,enemy-pie,,HIGH,EMPIRICAL
PIRLS-2011-G4-R,R31P08M,2011,english,Grade 4,4,0.71,,enemy-pie,,HIGH,EMPIRICAL
PIRLS-2011-G4-R,R31P09C,2011,english,Grade 4,4,0.66,,enemy-pie,,HIGH,EMPIRICAL
PIRLS-2011-G4-R,R31P10M,2011,english,Grade 4,4,0.76,,enemy-pie,,HIGH,EMPIRICAL
PIRLS-2011-G4-R,R31P11M,2011,english,Grade 4,4,0.64,,enemy-pie,,HIGH,EMPIRICAL
PIRLS-2011-G4-R,R31P12M,2011,english,Grade 4,4,0.56,,enemy-pie,,HIGH,EMPIRICAL
PIRLS-2011-G4-R,R31P13M,2011,english,Grade 4,4,0.79,,enemy-pie,,HIGH,EMPIRICAL
PIRLS-2011-G4-R,R31P14C,2011,english,Grade 4,4,0.5,,enemy-pie,,HIGH,EMPIRICAL
PIRLS-2011-G4-R,R31P15C,2011,english,Grade 4,4,0.24,,enemy-pie,,HIGH,EMPIRICAL
PIRLS-2011-G4-R,R31P16C,2011,english,Grade 4,4,0.3,,enemy-pie,,HIGH,EMPIRICAL
NAEP-2017-G4-M,M3723MS,2017,math,Grade 4,4,0.5788,,number-properties-and-operations,,MEDIUM,EMPIRICAL
NAEP-2017-G4-M,M3688CL,2017,math,Grade 4,4,0.5137,,data-analysis-statistics-and-probability,,MEDIUM,EMPIRICAL
NAEP-2017-G4-M,M367801,2017,math,Grade 4,4,0.4345,,number-properties-and-operations,,MEDIUM,EMPIRICAL
NAEP-2017-G4-M,M3714MS,2017,math,Grade 4,4,0.3168,,number-properties-and-operations,,MEDIUM,EMPIRICAL
NAEP-2017-G4-M,M3706MS,2017,math,Grade 4,4,0.1233,,measurement,,MEDIUM,EMPIRICAL
NAEP-2017-G4-M,M3744E0,2017,math,Grade 4,4,0.1928,,number-properties-and-operations,,MEDIUM,EMPIRICAL
NAEP-2017-G4-M,M3719MS,2017,math,Grade 4,4,0.4158,,geometry,,MEDIUM,EMPIRICAL
NAEP-2017-G4-M,M3727MS,2017,math,Grade 4,4,0.2285,,geometry,,MEDIUM,EMPIRICAL
NAEP-2017-G4-M,M3685EM,2017,math,Grade 4,4,0.1194,,number-properties-and-operations,,MEDIUM,EMPIRICAL
NAEP-2017-G4-M,M3746CL,2017,math,Grade 4,4,0.0319,,geometry,,MEDIUM,EMPIRICAL
NAEP-2017-G4-M,M3461E1,2017,math,Grade 4,4,0.3129,,data-analysis-statistics-and-probability,,MEDIUM,EMPIRICAL
NAEP-2017-G4-M,M3468CL,2017,math,Grade 4,4,0.2188,,algebra,,MEDIUM,EMPIRICAL
NAEP-2017-G4-M,D3479MS,2017,math,Grade 4,4,0.2503,,number-properties-and-operations,,MEDIUM,EMPIRICAL
NAEP-2017-G4-M,M230301,2017,math,Grade 4,4,0.3508,,measurement,,MEDIUM,EMPIRICAL
NAEP-2017-G4-M,M3483E1,2017,math,Grade 4,4,0.0654,,data-analysis-statistics-and-probability,,MEDIUM,EMPIRICAL
NAEP-2017-G8-M,M3806MS,2017,math,Grade 8,8,0.9385,,data-analysis-statistics-and-probability,,MEDIUM,EMPIRICAL
NAEP-2017-G8-M,M3834E1,2017,math,Grade 8,8,0.4734,,number-properties-and-operations,,MEDIUM,EMPIRICAL
NAEP-2017-G8-M,M3825EM,2017,math,Grade 8,8,0.489,,algebra,,MEDIUM,EMPIRICAL
NAEP-2017-G8-M,M3838MS,2017,math,Grade 8,8,0.5899,,measurement,,MEDIUM,EMPIRICAL
NAEP-2017-G8-M,M3851MS,2017,math,Grade 8,8,0.4388,,algebra,,MEDIUM,EMPIRICAL
NAEP-2017-G8-M,M3675E1,2017,math,Grade 8,8,0.1212,,measurement,,MEDIUM,EMPIRICAL
NAEP-2017-G8-M,M3822MS,2017,math,Grade 8,8,0.6742,,measurement,,MEDIUM,EMPIRICAL
NAEP-2017-G8-M,M3821MS,2017,math,Grade 8,8,0.1292,,geometry,,MEDIUM,EMPIRICAL
NAEP-2017-G8-M,M3842E2,2017,math,Grade 8,8,0.1509,,algebra,,MEDIUM,EMPIRICAL
NAEP-2017-G8-M,M3814EM,2017,math,Grade 8,8,0.0672,,geometry,,MEDIUM,EMPIRICAL
NAEP-2017-G8-M,M3817MS,2017,math,Grade 8,8,0.2038,,data-analysis-statistics-and-probability,,MEDIUM,EMPIRICAL
NAEP-2017-G8-M,M3818E2,2017,math,Grade 8,8,0.0969,,geometry,,MEDIUM,EMPIRICAL
NAEP-2017-G8-M,D2357MS,2017,math,Grade 8,8,0.7906,,number-properties-and-operations,,MEDIUM,EMPIRICAL
NAEP-2017-G8-M,M3553E1,2017,math,Grade 8,8,0.6622,,algebra,,MEDIUM,EMPIRICAL
NAEP-2017-G8-M,M3564E1,2017,math,Grade 8,8,0.1943,,geometry,,MEDIUM,EMPIRICAL
NAEP-2017-G8-M,M3566CL,2017,math,Grade 8,8,0.2656,,number-properties-and-operations,,MEDIUM,EMPIRICAL
NAEP-2017-G8-M,M3569E1,2017,math,Grade 8,8,0.219,,algebra,,MEDIUM,EMPIRICAL
NAEP-2017-G4-R,R079504,2017,english,Grade 4,4,0.1416,,literary,,MEDIUM,EMPIRICAL
NAEP-2017-G4-R,R079510,2017,english,Grade 4,4,0.104,,literary,,MEDIUM,EMPIRICAL
NAEP-2017-G8-R,R079504,2017,english,Grade 8,8,0.4852,,literary,,MEDIUM,EMPIRICAL
NAEP-2017-G8-R,R079510,2017,english,Grade 8,8,0.3875,,literary,,MEDIUM,EMPIRICAL
NAEP-2017-G8-R,R069706,2017,english,Grade 8,8,0.3105,,informational,,MEDIUM,EMPIRICAL
NAEP-2017-G8-R,R069708,2017,english,Grade 8,8,0.2589,,informational,,MEDIUM,EMPIRICAL
