source_id,country,institution,exam_family,year_from,year_to,subjects,official_url,source_type,public_access,correct_rate_availability,license_status,retrieval_policy,notes
TIMSS-2011-G4-M,INT,IEA,TIMSS,2011,2011,math,https://timssandpirls.bc.edu/timss2011/international-released-items.html,INTERNATIONAL_ORGANIZATION,OPEN,ITEM_LEVEL,TERMS_ALLOW_RESEARCH,MANUAL_ONLY,International average percent correct from official released items statistics (T11_UG_G4_M)
TIMSS-2011-G8-M,INT,IEA,TIMSS,2011,2011,math,https://timssandpirls.bc.edu/timss2011/international-released-items.html,INTERNATIONAL_ORGANIZATION,OPEN,ITEM_LEVEL,TERMS_ALLOW_RESEARCH,MANUAL_ONLY,International average percent correct from official released items statistics (T11_UG_G8_M)
PIRLS-2011-G4-R,INT,IEA,PIRLS,2011,2011,english,https://timssandpirls.bc.edu/pirls2011/international-released-items.html,INTERNATIONAL_ORGANIZATION,OPEN,ITEM_LEVEL,TERMS_ALLOW_RESEARCH,MANUAL_ONLY,International average percent correct from official released items statistics (P11_UG_Released_Items)
NAEP-2017-G4-M,US,NCES,NAEP,2017,2017,math,https://www.nationsreportcard.gov/nqt/,PUBLIC_RESEARCH_ASSESSMENT,OPEN,ITEM_LEVEL,PUBLIC_DOMAIN,MANUAL_ONLY,National public percent correct from NAEP Questions Tool released items
NAEP-2017-G8-M,US,NCES,NAEP,2017,2017,math,https://www.nationsreportcard.gov/nqt/,PUBLIC_RESEARCH_ASSESSMENT,OPEN,ITEM_LEVEL,PUBLIC_DOMAIN,MANUAL_ONLY,National public percent correct from NAEP Questions Tool released items
NAEP-2017-G4-R,US,NCES,NAEP,2017,2017,english,https://www.nationsreportcard.gov/nqt/,PUBLIC_RESEARCH_ASSESSMENT,OPEN,ITEM_LEVEL,PUBLIC_DOMAIN,MANUAL_ONLY,National public percent correct from NAEP Questions Tool released items
NAEP-2017-G8-R,US,NCES,NAEP,2017,2017,english,https://www.nationsreportcard.gov/nqt/,PUBLIC_RESEARCH_ASSESSMENT,OPEN,ITEM_LEVEL,PUBLIC_DOMAIN,MANUAL_ONLY,National public percent correct from NAEP Questions Tool released items
KR-KICE-GED-ELEM,KR,KICE,GED-ELEM,2024,2024,math,https://www.kice.re.kr/boardCnts/list.do?boardID=1500213&m=030305&s=kice,PUBLIC_EXAM_BODY,OPEN,NONE,OPEN_LICENSE,MANUAL_ONLY,Question papers and answer keys released; item-level correct rates withheld by authority policy
KR-KICE-GED-MID,KR,KICE,GED-MID,2024,2024,math,https://www.kice.re.kr/boardCnts/list.do?boardID=1500213&m=030305&s=kice,PUBLIC_EXAM_BODY,OPEN,NONE,OPEN_LICENSE,MANUAL_ONLY,Question papers and answer keys released; item-level correct rates withheld by authority policy
KR-KICE-GED-HIGH,KR,KICE,GED-HIGH,2024,2024,math,https://www.kice.re.kr/boardCnts/list.do?boardID=1500213&m=030305&s=kice,PUBLIC_EXAM_BODY,OPEN,NONE,OPEN_LICENSE,MANUAL_ONLY,Question papers and answer keys released; item-level correct rates withheld by authority policy
KR-KICE-CSAT-2024,KR,KICE,CSAT,2024,2024,math,https://www.kice.re.kr/boardCnts/list.do?boardID=1500211&m=030301&s=kice,PUBLIC_EXAM_BODY,OPEN,NONE,OPEN_LICENSE,MANUAL_ONLY,Standard score distributions published; official item-level correct rates withheld by policy (hagwon rates are unverified estimates)
KR-KICE-MOCK-2024,KR,KICE,MOCK-CSAT,2024,2024,math,https://www.kice.re.kr/boardCnts/list.do?boardID=1500212&m=030302&s=kice,PUBLIC_EXAM_BODY,OPEN,NONE,OPEN_LICENSE,MANUAL_ONLY,Official KICE Mock Evaluation test papers and answer keys released; item-level correct rates withheld
KR-KICE-NAEA-2023,KR,KICE,NAEA,2023,2023,math,https://www.inaea.re.kr/,PUBLIC_RESEARCH_ASSESSMENT,OPEN,NONE,OPEN_LICENSE,MANUAL_ONLY,4-tier achievement level distribution published; individual item p-values restricted to research reports
UK-STA-KS2-2024,GB,STA,KS2,2024,2024,math,https://www.gov.uk/government/collections/national-curriculum-assessments-practice-materials,GOVERNMENT_AGENCY,OPEN,NONE,OPEN_LICENSE,MANUAL_ONLY,National curriculum test materials released; question-level performance restricted to schools platform
CA-EQAO-2023,CA,EQAO,EQAO-G3-G6,2023,2023,math,https://www.eqao.com/,PUBLIC_EXAM_BODY,OPEN,NONE,UNKNOWN,MANUAL_ONLY,Assessment questions and scoring guides released; provincial item-level correct rates not published
AU-ACARA-NAPLAN-2023,AU,ACARA,NAPLAN,2023,2023,math,https://www.acara.edu.au/assessment/naplan,GOVERNMENT_AGENCY,OPEN,NONE,OPEN_LICENSE,MANUAL_ONLY,Proficiency levels and test bands published; item-level statistics withheld for test bank security
NZ-NZCER-NMSSA-2022,NZ,NZCER,NMSSA,2022,2022,math,https://nmssa.otago.ac.nz/,PUBLIC_RESEARCH_ASSESSMENT,OPEN,NONE,UNKNOWN,MANUAL_ONLY,Curriculum level scale scores published; item-level difficulty metrics not publicly accessible
FR-DEPP-EVAL-2023,FR,DEPP,Repères-CP-CE1-6e,2023,2023,math,https://www.education.gouv.fr/etudes-et-statistiques,GOVERNMENT_AGENCY,OPEN,NONE,OPEN_LICENSE,MANUAL_ONLY,National achievement proportions published; item-level success rates not released in open datasets
DE-IQB-BT-2021,DE,IQB,IQB-Bildungstrend,2021,2021,math,https://www.iqb.hu-berlin.de/bt/,PUBLIC_RESEARCH_ASSESSMENT,OPEN,NONE,TERMS_ALLOW_RESEARCH,MANUAL_ONLY,Federal state competency level distributions published; item solution frequencies not published
