source_id,item_ref,year,subject,topic,grade_or_population,correct_rate,sample_n,sample_note,official_url,data_status
TIMSS-2011-G4-M,M031346A,2011,math,Trading Cards_Cartoon cards,Grade 4,0.62,50000,International average sample across participating education systems,https://timssandpirls.bc.edu/timss2011/international-released-items.html,EMPIRICAL
TIMSS-2011-G4-M,M031346B,2011,math,Trading Cards_Sports cards,Grade 4,0.31,50000,International average sample across participating education systems,https://timssandpirls.bc.edu/timss2011/international-released-items.html,EMPIRICAL
TIMSS-2011-G4-M,M031346C,2011,math,Trading Cards_Max number of cards,Grade 4,0.24,50000,International average sample across participating education systems,https://timssandpirls.bc.edu/timss2011/international-released-items.html,EMPIRICAL
TIMSS-2011-G4-M,M031379,2011,math,Trading Cards_Trading sports cards,Grade 4,0.25,50000,International average sample across participating education systems,https://timssandpirls.bc.edu/timss2011/international-released-items.html,EMPIRICAL
TIMSS-2011-G4-M,M031380,2011,math,Trading Card_Trading cartoon cards,Grade 4,0.18,50000,International average sample across participating education systems,https://timssandpirls.bc.edu/timss2011/international-released-items.html,EMPIRICAL
TIMSS-2011-G4-M,M031313,2011,math,Total number of people on a ship,Grade 4,0.73,50000,International average sample across participating education systems,https://timssandpirls.bc.edu/timss2011/international-released-items.html,EMPIRICAL
TIMSS-2011-G4-M,M031083,2011,math,Pieces of cardboard to make shape,Grade 4,0.69,50000,International average sample across participating education systems,https://timssandpirls.bc.edu/timss2011/international-released-items.html,EMPIRICAL
TIMSS-2011-G4-M,M031071,2011,math,Position of shape after a 1/2 turn,Grade 4,0.43,50000,International average sample across participating education systems,https://timssandpirls.bc.edu/timss2011/international-released-items.html,EMPIRICAL
TIMSS-2011-G4-M,M031185,2011,math,Distance between towns using map,Grade 4,0.54,50000,International average sample across participating education systems,https://timssandpirls.bc.edu/timss2011/international-released-items.html,EMPIRICAL
TIMSS-2011-G4-M,M051305,2011,math,How far did Duncan travel,Grade 4,0.6,50000,International average sample across participating education systems,https://timssandpirls.bc.edu/timss2011/international-released-items.html,EMPIRICAL
TIMSS-2011-G4-M,M051091,2011,math,Find the inequivalent fraction,Grade 4,0.44,50000,International average sample across participating education systems,https://timssandpirls.bc.edu/timss2011/international-released-items.html,EMPIRICAL
TIMSS-2011-G4-M,M051001,2011,math,Soccer tournament,Grade 4,0.27,50000,International average sample across participating education systems,https://timssandpirls.bc.edu/timss2011/international-released-items.html,EMPIRICAL
TIMSS-2011-G4-M,M051007,2011,math,Number of hours to Brandon on bike,Grade 4,0.38,50000,International average sample across participating education systems,https://timssandpirls.bc.edu/timss2011/international-released-items.html,EMPIRICAL
TIMSS-2011-G4-M,M051203,2011,math,Multiply 23 and 19,Grade 4,0.41,50000,International average sample across participating education systems,https://timssandpirls.bc.edu/timss2011/international-released-items.html,EMPIRICAL
TIMSS-2011-G4-M,M051601,2011,math,Number of matches for figure 4,Grade 4,0.54,50000,International average sample across participating education systems,https://timssandpirls.bc.edu/timss2011/international-released-items.html,EMPIRICAL
TIMSS-2011-G4-M,M051064A,2011,math,Complete the table,Grade 4,0.5,50000,International average sample across participating education systems,https://timssandpirls.bc.edu/timss2011/international-released-items.html,EMPIRICAL
TIMSS-2011-G4-M,M051064B,2011,math,Put an X where Troy lives,Grade 4,0.64,50000,International average sample across participating education systems,https://timssandpirls.bc.edu/timss2011/international-released-items.html,EMPIRICAL
TIMSS-2011-G4-M,M051015,2011,math,Complete Jay's shape,Grade 4,0.42,50000,International average sample across participating education systems,https://timssandpirls.bc.edu/timss2011/international-released-items.html,EMPIRICAL
TIMSS-2011-G4-M,M051123,2011,math,Lines of symmetry complex figure,Grade 4,0.43,50000,International average sample across participating education systems,https://timssandpirls.bc.edu/timss2011/international-released-items.html,EMPIRICAL
TIMSS-2011-G4-M,M051109,2011,math,Vanilla as favorite ice cream,Grade 4,0.54,50000,International average sample across participating education systems,https://timssandpirls.bc.edu/timss2011/international-released-items.html,EMPIRICAL
TIMSS-2011-G4-M,M051117,2011,math,More students in the Pine School,Grade 4,0.54,50000,International average sample across participating education systems,https://timssandpirls.bc.edu/timss2011/international-released-items.html,EMPIRICAL
TIMSS-2011-G4-M,M041010,2011,math,Place value of 8,Grade 4,0.72,50000,International average sample across participating education systems,https://timssandpirls.bc.edu/timss2011/international-released-items.html,EMPIRICAL
TIMSS-2011-G4-M,M041098,2011,math,How many cans must Sean buy,Grade 4,0.44,50000,International average sample across participating education systems,https://timssandpirls.bc.edu/timss2011/international-released-items.html,EMPIRICAL
TIMSS-2011-G4-M,M041064,2011,math,Shade 1/2 of the larger triangle,Grade 4,0.59,50000,International average sample across participating education systems,https://timssandpirls.bc.edu/timss2011/international-released-items.html,EMPIRICAL
TIMSS-2011-G4-M,M041003,2011,math,Smallest 3 digit number,Grade 4,0.48,50000,International average sample across participating education systems,https://timssandpirls.bc.edu/timss2011/international-released-items.html,EMPIRICAL
TIMSS-2011-G4-M,M041104,2011,math,Number between 5 and 6,Grade 4,0.48,50000,International average sample across participating education systems,https://timssandpirls.bc.edu/timss2011/international-released-items.html,EMPIRICAL
TIMSS-2011-G4-M,M041299,2011,math,Fraction of the cake eaten,Grade 4,0.23,50000,International average sample across participating education systems,https://timssandpirls.bc.edu/timss2011/international-released-items.html,EMPIRICAL
TIMSS-2011-G4-M,M041329,2011,math,Which one is a right angle,Grade 4,0.64,50000,International average sample across participating education systems,https://timssandpirls.bc.edu/timss2011/international-released-items.html,EMPIRICAL
TIMSS-2011-G4-M,M041143,2011,math,Identify shapes in the picture,Grade 4,0.53,50000,International average sample across participating education systems,https://timssandpirls.bc.edu/timss2011/international-released-items.html,EMPIRICAL
TIMSS-2011-G4-M,M041158,2011,math,Number of boxes in the stack,Grade 4,0.63,50000,International average sample across participating education systems,https://timssandpirls.bc.edu/timss2011/international-released-items.html,EMPIRICAL
TIMSS-2011-G4-M,M041328,2011,math,Draw reflection of the triangle,Grade 4,0.53,50000,International average sample across participating education systems,https://timssandpirls.bc.edu/timss2011/international-released-items.html,EMPIRICAL
TIMSS-2011-G4-M,M041155,2011,math,How far does Ruth walk,Grade 4,0.5,50000,International average sample across participating education systems,https://timssandpirls.bc.edu/timss2011/international-released-items.html,EMPIRICAL
TIMSS-2011-G4-M,M041284,2011,math,Identify the shapes,Grade 4,0.15,50000,International average sample across participating education systems,https://timssandpirls.bc.edu/timss2011/international-released-items.html,EMPIRICAL
TIMSS-2011-G4-M,M041335,2011,math,Class with fewest choose blue,Grade 4,0.76,50000,International average sample across participating education systems,https://timssandpirls.bc.edu/timss2011/international-released-items.html,EMPIRICAL
TIMSS-2011-G4-M,M041184,2011,math,Comparing pie chart with bar chart,Grade 4,0.71,50000,International average sample across participating education systems,https://timssandpirls.bc.edu/timss2011/international-released-items.html,EMPIRICAL
TIMSS-2011-G4-M,M031128,2011,math,5631 plus 286,Grade 4,0.72,50000,International average sample across participating education systems,https://timssandpirls.bc.edu/timss2011/international-released-items.html,EMPIRICAL
TIMSS-2011-G4-M,M031016,2011,math,What is the prize winning number,Grade 4,0.26,50000,International average sample across participating education systems,https://timssandpirls.bc.edu/timss2011/international-released-items.html,EMPIRICAL
TIMSS-2011-G4-M,M031183,2011,math,Recipe for 3 people,Grade 4,0.23,50000,International average sample across participating education systems,https://timssandpirls.bc.edu/timss2011/international-released-items.html,EMPIRICAL
TIMSS-2011-G4-M,M031187,2011,math,Kim gave Pete 3 more pencils,Grade 4,0.73,50000,International average sample across participating education systems,https://timssandpirls.bc.edu/timss2011/international-released-items.html,EMPIRICAL
TIMSS-2011-G4-M,M031251,2011,math,Ebru's rule to get number in box,Grade 4,0.47,50000,International average sample across participating education systems,https://timssandpirls.bc.edu/timss2011/international-released-items.html,EMPIRICAL
TIMSS-2011-G4-M,M031294,2011,math,How much the apples weigh in grams,Grade 4,0.56,50000,International average sample across participating education systems,https://timssandpirls.bc.edu/timss2011/international-released-items.html,EMPIRICAL
TIMSS-2011-G4-M,M031297,2011,math,Shaded area in square centimeters,Grade 4,0.3,50000,International average sample across participating education systems,https://timssandpirls.bc.edu/timss2011/international-released-items.html,EMPIRICAL
TIMSS-2011-G4-M,M031218,2011,math,600 books to be packed into boxes,Grade 4,0.55,50000,International average sample across participating education systems,https://timssandpirls.bc.edu/timss2011/international-released-items.html,EMPIRICAL
TIMSS-2011-G4-M,M031109,2011,math,The angles ordered by size,Grade 4,0.63,50000,International average sample across participating education systems,https://timssandpirls.bc.edu/timss2011/international-released-items.html,EMPIRICAL
TIMSS-2011-G4-M,M031159,2011,math,Rotate the shape 1/4 clockwise,Grade 4,0.64,50000,International average sample across participating education systems,https://timssandpirls.bc.edu/timss2011/international-released-items.html,EMPIRICAL
TIMSS-2011-G4-M,M031133,2011,math,Favorite colors of Darin's friends,Grade 4,0.73,50000,International average sample across participating education systems,https://timssandpirls.bc.edu/timss2011/international-released-items.html,EMPIRICAL
TIMSS-2011-G4-M,M041107,2011,math,Number sentence for a situation,Grade 4,0.78,50000,International average sample across participating education systems,https://timssandpirls.bc.edu/timss2011/international-released-items.html,EMPIRICAL
TIMSS-2011-G4-M,M041011,2011,math,Number 100 more than 5432,Grade 4,0.66,50000,International average sample across participating education systems,https://timssandpirls.bc.edu/timss2011/international-released-items.html,EMPIRICAL
TIMSS-2011-G4-M,M041122,2011,math,Numbers which are factor of 12,Grade 4,0.27,50000,International average sample across participating education systems,https://timssandpirls.bc.edu/timss2011/international-released-items.html,EMPIRICAL
TIMSS-2011-G4-M,M041041,2011,math,Number closest to 9 multiply by 22,Grade 4,0.6,50000,International average sample across participating education systems,https://timssandpirls.bc.edu/timss2011/international-released-items.html,EMPIRICAL
TIMSS-2011-G4-M,M041320,2011,math,Equivalent fractions,Grade 4,0.46,50000,International average sample across participating education systems,https://timssandpirls.bc.edu/timss2011/international-released-items.html,EMPIRICAL
TIMSS-2011-G4-M,M041115A,2011,math,Draw figure 5,Grade 4,0.58,50000,International average sample across participating education systems,https://timssandpirls.bc.edu/timss2011/international-released-items.html,EMPIRICAL
TIMSS-2011-G4-M,M041115B,2011,math,Number of squares for figure 16,Grade 4,0.45,50000,International average sample across participating education systems,https://timssandpirls.bc.edu/timss2011/international-released-items.html,EMPIRICAL
TIMSS-2011-G4-M,M041160A,2011,math,Position of the shop,Grade 4,0.76,50000,International average sample across participating education systems,https://timssandpirls.bc.edu/timss2011/international-released-items.html,EMPIRICAL
TIMSS-2011-G4-M,M041160B,2011,math,Mark Lucy's house,Grade 4,0.78,50000,International average sample across participating education systems,https://timssandpirls.bc.edu/timss2011/international-released-items.html,EMPIRICAL
TIMSS-2011-G4-M,M041327,2011,math,Draw the line of symmetry,Grade 4,0.47,50000,International average sample across participating education systems,https://timssandpirls.bc.edu/timss2011/international-released-items.html,EMPIRICAL
TIMSS-2011-G4-M,M041148,2011,math,Statement about 3-D figures,Grade 4,0.32,50000,International average sample across participating education systems,https://timssandpirls.bc.edu/timss2011/international-released-items.html,EMPIRICAL
TIMSS-2011-G4-M,M041265,2011,math,Relating net with its 3-D figure,Grade 4,0.37,50000,International average sample across participating education systems,https://timssandpirls.bc.edu/timss2011/international-released-items.html,EMPIRICAL
TIMSS-2011-G4-M,M041175,2011,math,Type of cookie bakery sell most,Grade 4,0.77,50000,International average sample across participating education systems,https://timssandpirls.bc.edu/timss2011/international-released-items.html,EMPIRICAL
TIMSS-2011-G4-M,M041199,2011,math,Representing data on the bar graph,Grade 4,0.72,50000,International average sample across participating education systems,https://timssandpirls.bc.edu/timss2011/international-released-items.html,EMPIRICAL
TIMSS-2011-G4-M,M031210,2011,math,Select a fraction larger than 1/2,Grade 4,0.46,50000,International average sample across participating education systems,https://timssandpirls.bc.edu/timss2011/international-released-items.html,EMPIRICAL
TIMSS-2011-G4-M,M031009,2011,math,How many pages needed altogether,Grade 4,0.34,50000,International average sample across participating education systems,https://timssandpirls.bc.edu/timss2011/international-released-items.html,EMPIRICAL
TIMSS-2011-G4-M,M031252,2011,math,"If the pattern 3,6,9,12 continued",Grade 4,0.62,50000,International average sample across participating education systems,https://timssandpirls.bc.edu/timss2011/international-released-items.html,EMPIRICAL
TIMSS-2011-G4-M,M031316,2011,math,4 times box equals 28,Grade 4,0.83,50000,International average sample across participating education systems,https://timssandpirls.bc.edu/timss2011/international-released-items.html,EMPIRICAL
TIMSS-2011-G4-M,M031317,2011,math,3 + 8 = box plus 6,Grade 4,0.39,50000,International average sample across participating education systems,https://timssandpirls.bc.edu/timss2011/international-released-items.html,EMPIRICAL
TIMSS-2011-G4-M,M031079B,2011,math,Pattern of circles/figure 5,Grade 4,0.68,50000,International average sample across participating education systems,https://timssandpirls.bc.edu/timss2011/international-released-items.html,EMPIRICAL
TIMSS-2011-G4-M,M031079C,2011,math,Pattern of circles/figure 10,Grade 4,0.39,50000,International average sample across participating education systems,https://timssandpirls.bc.edu/timss2011/international-released-items.html,EMPIRICAL
TIMSS-2011-G4-M,M031004,2011,math,Length of string pulled straight,Grade 4,0.29,50000,International average sample across participating education systems,https://timssandpirls.bc.edu/timss2011/international-released-items.html,EMPIRICAL
TIMSS-2011-G4-M,M031043,2011,math,A train from Redville to Bedford,Grade 4,0.52,50000,International average sample across participating education systems,https://timssandpirls.bc.edu/timss2011/international-released-items.html,EMPIRICAL
TIMSS-2011-G4-M,M031325,2011,math,Angle between 90 and 180 degrees,Grade 4,0.31,50000,International average sample across participating education systems,https://timssandpirls.bc.edu/timss2011/international-released-items.html,EMPIRICAL
TIMSS-2011-G4-M,M031088,2011,math,Jamie is playing a board game,Grade 4,0.68,50000,International average sample across participating education systems,https://timssandpirls.bc.edu/timss2011/international-released-items.html,EMPIRICAL
TIMSS-2011-G4-M,M031093,2011,math,Which dotted line is of symmetry,Grade 4,0.54,50000,International average sample across participating education systems,https://timssandpirls.bc.edu/timss2011/international-released-items.html,EMPIRICAL
TIMSS-2011-G4-M,M031155,2011,math,Teacher's pens on the graph,Grade 4,0.55,50000,International average sample across participating education systems,https://timssandpirls.bc.edu/timss2011/international-released-items.html,EMPIRICAL
TIMSS-2011-G8-M,M032166,2011,math,Best estimate of (7.21x3.86)/10.09,Grade 8,0.57,50000,International average sample across participating education systems,https://timssandpirls.bc.edu/timss2011/international-released-items.html,EMPIRICAL
TIMSS-2011-G8-M,M032721,2011,math,Sales of two types of soft drink,Grade 8,0.4,50000,International average sample across participating education systems,https://timssandpirls.bc.edu/timss2011/international-released-items.html,EMPIRICAL
TIMSS-2011-G8-M,M032757,2011,math,Red&BlackTiles_Complete table,Grade 8,0.54,50000,International average sample across participating education systems,https://timssandpirls.bc.edu/timss2011/international-released-items.html,EMPIRICAL
TIMSS-2011-G8-M,M032760A,2011,math,Red&BlackTiles_Shape with 64 tiles,Grade 8,0.27,50000,International average sample across participating education systems,https://timssandpirls.bc.edu/timss2011/international-released-items.html,EMPIRICAL
TIMSS-2011-G8-M,M032760B,2011,math,Red&BlackTiles_Shape with 49 tiles,Grade 8,0.2,50000,International average sample across participating education systems,https://timssandpirls.bc.edu/timss2011/international-released-items.html,EMPIRICAL
TIMSS-2011-G8-M,M032760C,2011,math,Red&BlackTiles_Shape with 44 tiles,Grade 8,0.15,50000,International average sample across participating education systems,https://timssandpirls.bc.edu/timss2011/international-released-items.html,EMPIRICAL
TIMSS-2011-G8-M,M032761,2011,math,Red&BlackTiles_Figure n,Grade 8,0.11,50000,International average sample across participating education systems,https://timssandpirls.bc.edu/timss2011/international-released-items.html,EMPIRICAL
TIMSS-2011-G8-M,M032692,2011,math,Interior angles of pentagon,Grade 8,0.19,50000,International average sample across participating education systems,https://timssandpirls.bc.edu/timss2011/international-released-items.html,EMPIRICAL
TIMSS-2011-G8-M,M032626,2011,math,36 as a product of prime factors,Grade 8,0.49,50000,International average sample across participating education systems,https://timssandpirls.bc.edu/timss2011/international-released-items.html,EMPIRICAL
TIMSS-2011-G8-M,M032595,2011,math,The percentage of caps for sale,Grade 8,0.49,50000,International average sample across participating education systems,https://timssandpirls.bc.edu/timss2011/international-released-items.html,EMPIRICAL
TIMSS-2011-G8-M,M032673,2011,math,If t is a number between 6 and 9,Grade 8,0.47,50000,International average sample across participating education systems,https://timssandpirls.bc.edu/timss2011/international-released-items.html,EMPIRICAL
TIMSS-2011-G8-M,M052216,2011,math,Select the decimal equal to 3/5,Grade 8,0.68,50000,International average sample across participating education systems,https://timssandpirls.bc.edu/timss2011/international-released-items.html,EMPIRICAL
TIMSS-2011-G8-M,M052231,2011,math,Add 42.65 to 5.748,Grade 8,0.72,50000,International average sample across participating education systems,https://timssandpirls.bc.edu/timss2011/international-released-items.html,EMPIRICAL
TIMSS-2011-G8-M,M052061,2011,math,Packing eggs into boxes,Grade 8,0.41,50000,International average sample across participating education systems,https://timssandpirls.bc.edu/timss2011/international-released-items.html,EMPIRICAL
TIMSS-2011-G8-M,M052228,2011,math,Method for subtracting fractions,Grade 8,0.37,50000,International average sample across participating education systems,https://timssandpirls.bc.edu/timss2011/international-released-items.html,EMPIRICAL
TIMSS-2011-G8-M,M052214,2011,math,Which number sentence is true,Grade 8,0.41,50000,International average sample across participating education systems,https://timssandpirls.bc.edu/timss2011/international-released-items.html,EMPIRICAL
TIMSS-2011-G8-M,M052173,2011,math,Area of garden's shaded portion,Grade 8,0.16,50000,International average sample across participating education systems,https://timssandpirls.bc.edu/timss2011/international-released-items.html,EMPIRICAL
TIMSS-2011-G8-M,M052302,2011,math,Value of y in an expression,Grade 8,0.71,50000,International average sample across participating education systems,https://timssandpirls.bc.edu/timss2011/international-released-items.html,EMPIRICAL
TIMSS-2011-G8-M,M052002,2011,math,Length of the longest wood piece,Grade 8,0.11,50000,International average sample across participating education systems,https://timssandpirls.bc.edu/timss2011/international-released-items.html,EMPIRICAL
TIMSS-2011-G8-M,M052362,2011,math,What is the size of angle B,Grade 8,0.41,50000,International average sample across participating education systems,https://timssandpirls.bc.edu/timss2011/international-released-items.html,EMPIRICAL
TIMSS-2011-G8-M,M052408,2011,math,Value of angle b,Grade 8,0.33,50000,International average sample across participating education systems,https://timssandpirls.bc.edu/timss2011/international-released-items.html,EMPIRICAL
TIMSS-2011-G8-M,M052084,2011,math,Calculate the area of a square,Grade 8,0.47,50000,International average sample across participating education systems,https://timssandpirls.bc.edu/timss2011/international-released-items.html,EMPIRICAL
TIMSS-2011-G8-M,M052206,2011,math,Number of books to fill the box,Grade 8,0.25,50000,International average sample across participating education systems,https://timssandpirls.bc.edu/timss2011/international-released-items.html,EMPIRICAL
TIMSS-2011-G8-M,M052429,2011,math,Probability that the marble is red,Grade 8,0.45,50000,International average sample across participating education systems,https://timssandpirls.bc.edu/timss2011/international-released-items.html,EMPIRICAL
TIMSS-2011-G8-M,M052503A,2011,math,Age structures of country X and Y,Grade 8,0.21,50000,International average sample across participating education systems,https://timssandpirls.bc.edu/timss2011/international-released-items.html,EMPIRICAL
TIMSS-2011-G8-M,M052503B,2011,math,Problem of taking care of elderly,Grade 8,0.17,50000,International average sample across participating education systems,https://timssandpirls.bc.edu/timss2011/international-released-items.html,EMPIRICAL
TIMSS-2011-G8-M,M042032,2011,math,Equivalent fraction for 0.125,Grade 8,0.7,50000,International average sample across participating education systems,https://timssandpirls.bc.edu/timss2011/international-released-items.html,EMPIRICAL
TIMSS-2011-G8-M,M042031,2011,math,Equivalent expression,Grade 8,0.5,50000,International average sample across participating education systems,https://timssandpirls.bc.edu/timss2011/international-released-items.html,EMPIRICAL
TIMSS-2011-G8-M,M042186,2011,math,Next line in the pattern,Grade 8,0.42,50000,International average sample across participating education systems,https://timssandpirls.bc.edu/timss2011/international-released-items.html,EMPIRICAL
TIMSS-2011-G8-M,M042059,2011,math,Complete the missing boxes,Grade 8,0.37,50000,International average sample across participating education systems,https://timssandpirls.bc.edu/timss2011/international-released-items.html,EMPIRICAL
TIMSS-2011-G8-M,M042236,2011,math,Simplify the expression,Grade 8,0.56,50000,International average sample across participating education systems,https://timssandpirls.bc.edu/timss2011/international-released-items.html,EMPIRICAL
TIMSS-2011-G8-M,M042226,2011,math,What is the value P,Grade 8,0.44,50000,International average sample across participating education systems,https://timssandpirls.bc.edu/timss2011/international-released-items.html,EMPIRICAL
TIMSS-2011-G8-M,M042103,2011,math,Solve the inequality,Grade 8,0.17,50000,International average sample across participating education systems,https://timssandpirls.bc.edu/timss2011/international-released-items.html,EMPIRICAL
TIMSS-2011-G8-M,M042086,2011,math,What is the value of 2a + 2b + 4,Grade 8,0.32,50000,International average sample across participating education systems,https://timssandpirls.bc.edu/timss2011/international-released-items.html,EMPIRICAL
TIMSS-2011-G8-M,M042228,2011,math,Value of x in the pattern,Grade 8,0.35,50000,International average sample across participating education systems,https://timssandpirls.bc.edu/timss2011/international-released-items.html,EMPIRICAL
TIMSS-2011-G8-M,M042245,2011,math,Equation that satisfy number pairs,Grade 8,0.26,50000,International average sample across participating education systems,https://timssandpirls.bc.edu/timss2011/international-released-items.html,EMPIRICAL
TIMSS-2011-G8-M,M042270,2011,math,Draw an isosceles triangle,Grade 8,0.48,50000,International average sample across participating education systems,https://timssandpirls.bc.edu/timss2011/international-released-items.html,EMPIRICAL
TIMSS-2011-G8-M,M042201,2011,math,Length of the rectangular box,Grade 8,0.43,50000,International average sample across participating education systems,https://timssandpirls.bc.edu/timss2011/international-released-items.html,EMPIRICAL
TIMSS-2011-G8-M,M042152,2011,math,Half-turn around point O,Grade 8,0.45,50000,International average sample across participating education systems,https://timssandpirls.bc.edu/timss2011/international-released-items.html,EMPIRICAL
TIMSS-2011-G8-M,M042269,2011,math,Long jump competition,Grade 8,0.58,50000,International average sample across participating education systems,https://timssandpirls.bc.edu/timss2011/international-released-items.html,EMPIRICAL
TIMSS-2011-G8-M,M042179,2011,math,Chance of getting a button,Grade 8,0.54,50000,International average sample across participating education systems,https://timssandpirls.bc.edu/timss2011/international-released-items.html,EMPIRICAL
TIMSS-2011-G8-M,M042177,2011,math,Number of regular size bottles,Grade 8,0.54,50000,International average sample across participating education systems,https://timssandpirls.bc.edu/timss2011/international-released-items.html,EMPIRICAL
TIMSS-2011-G8-M,M042207,2011,math,Complete and label this pie chart,Grade 8,0.47,50000,International average sample across participating education systems,https://timssandpirls.bc.edu/timss2011/international-released-items.html,EMPIRICAL
TIMSS-2011-G8-M,M032094,2011,math,4/100 plus 3/1000,Grade 8,0.62,50000,International average sample across participating education systems,https://timssandpirls.bc.edu/timss2011/international-released-items.html,EMPIRICAL
TIMSS-2011-G8-M,M032662,2011,math,Location of N on number line,Grade 8,0.23,50000,International average sample across participating education systems,https://timssandpirls.bc.edu/timss2011/international-released-items.html,EMPIRICAL
TIMSS-2011-G8-M,M032064,2011,math,Ann and Jenny divide 560 zeds,Grade 8,0.27,50000,International average sample across participating education systems,https://timssandpirls.bc.edu/timss2011/international-released-items.html,EMPIRICAL
TIMSS-2011-G8-M,M032419,2011,math,Which represents 2x plus 3x,Grade 8,0.44,50000,International average sample across participating education systems,https://timssandpirls.bc.edu/timss2011/international-released-items.html,EMPIRICAL
TIMSS-2011-G8-M,M032477,2011,math,Cost in zeds for taxi trip of n km,Grade 8,0.46,50000,International average sample across participating education systems,https://timssandpirls.bc.edu/timss2011/international-released-items.html,EMPIRICAL
TIMSS-2011-G8-M,M032538,2011,math,Find the value of y when t is 9,Grade 8,0.43,50000,International average sample across participating education systems,https://timssandpirls.bc.edu/timss2011/international-released-items.html,EMPIRICAL
TIMSS-2011-G8-M,M032324,2011,math,Distance between the midpoints,Grade 8,0.39,50000,International average sample across participating education systems,https://timssandpirls.bc.edu/timss2011/international-released-items.html,EMPIRICAL
TIMSS-2011-G8-M,M032116,2011,math,Area of a square is 144 square cm,Grade 8,0.45,50000,International average sample across participating education systems,https://timssandpirls.bc.edu/timss2011/international-released-items.html,EMPIRICAL
TIMSS-2011-G8-M,M032100,2011,math,Shape made up of same size cubes,Grade 8,0.47,50000,International average sample across participating education systems,https://timssandpirls.bc.edu/timss2011/international-released-items.html,EMPIRICAL
TIMSS-2011-G8-M,M032402,2011,math,Why PQR is a right angle triangle,Grade 8,0.51,50000,International average sample across participating education systems,https://timssandpirls.bc.edu/timss2011/international-released-items.html,EMPIRICAL
TIMSS-2011-G8-M,M032734,2011,math,View of shape directly from above,Grade 8,0.58,50000,International average sample across participating education systems,https://timssandpirls.bc.edu/timss2011/international-released-items.html,EMPIRICAL
TIMSS-2011-G8-M,M032397,2011,math,Figure 1 transformed to 2 and 3,Grade 8,0.43,50000,International average sample across participating education systems,https://timssandpirls.bc.edu/timss2011/international-released-items.html,EMPIRICAL
TIMSS-2011-G8-M,M032695,2011,math,Make a pie chart with labels,Grade 8,0.45,50000,International average sample across participating education systems,https://timssandpirls.bc.edu/timss2011/international-released-items.html,EMPIRICAL
TIMSS-2011-G8-M,M032132,2011,math,How likely to get pink candy,Grade 8,0.48,50000,International average sample across participating education systems,https://timssandpirls.bc.edu/timss2011/international-released-items.html,EMPIRICAL
TIMSS-2011-G8-M,M042041,2011,math,Length of the original pipe,Grade 8,0.7,50000,International average sample across participating education systems,https://timssandpirls.bc.edu/timss2011/international-released-items.html,EMPIRICAL
TIMSS-2011-G8-M,M042024,2011,math,What is K on a number  line,Grade 8,0.54,50000,International average sample across participating education systems,https://timssandpirls.bc.edu/timss2011/international-released-items.html,EMPIRICAL
TIMSS-2011-G8-M,M042016,2011,math,Express 256 X 4096 as power of 4,Grade 8,0.51,50000,International average sample across participating education systems,https://timssandpirls.bc.edu/timss2011/international-released-items.html,EMPIRICAL
TIMSS-2011-G8-M,M042002,2011,math,Numbers to get greatest results,Grade 8,0.28,50000,International average sample across participating education systems,https://timssandpirls.bc.edu/timss2011/international-released-items.html,EMPIRICAL
TIMSS-2011-G8-M,M042198A,2011,math,Next term in the pattern,Grade 8,0.7,50000,International average sample across participating education systems,https://timssandpirls.bc.edu/timss2011/international-released-items.html,EMPIRICAL
TIMSS-2011-G8-M,M042198B,2011,math,Term number 100 in the pattern,Grade 8,0.41,50000,International average sample across participating education systems,https://timssandpirls.bc.edu/timss2011/international-released-items.html,EMPIRICAL
TIMSS-2011-G8-M,M042198C,2011,math,Term number n in the pattern,Grade 8,0.18,50000,International average sample across participating education systems,https://timssandpirls.bc.edu/timss2011/international-released-items.html,EMPIRICAL
TIMSS-2011-G8-M,M042077,2011,math,Expression to equivalent to 4(3+x),Grade 8,0.51,50000,International average sample across participating education systems,https://timssandpirls.bc.edu/timss2011/international-released-items.html,EMPIRICAL
TIMSS-2011-G8-M,M042235,2011,math,What is the value of x and y,Grade 8,0.5,50000,International average sample across participating education systems,https://timssandpirls.bc.edu/timss2011/international-released-items.html,EMPIRICAL
TIMSS-2011-G8-M,M042067,2011,math,What is the area of the rectangle,Grade 8,0.4,50000,International average sample across participating education systems,https://timssandpirls.bc.edu/timss2011/international-released-items.html,EMPIRICAL
TIMSS-2011-G8-M,M042150,2011,math,Which shape has a line of symmetry,Grade 8,0.41,50000,International average sample across participating education systems,https://timssandpirls.bc.edu/timss2011/international-released-items.html,EMPIRICAL
TIMSS-2011-G8-M,M042300A,2011,math,Mark the points B and C on graph,Grade 8,0.46,50000,International average sample across participating education systems,https://timssandpirls.bc.edu/timss2011/international-released-items.html,EMPIRICAL
TIMSS-2011-G8-M,M042300B,2011,math,Measure of angle BOC,Grade 8,0.36,50000,International average sample across participating education systems,https://timssandpirls.bc.edu/timss2011/international-released-items.html,EMPIRICAL
TIMSS-2011-G8-M,M042300Z,2011,math,Measure of angle BOC-DERIVED,Grade 8,0.31,50000,International average sample across participating education systems,https://timssandpirls.bc.edu/timss2011/international-released-items.html,EMPIRICAL
TIMSS-2011-G8-M,M042260,2011,math,How likely student voted for Pat,Grade 8,0.64,50000,International average sample across participating education systems,https://timssandpirls.bc.edu/timss2011/international-released-items.html,EMPIRICAL
TIMSS-2011-G8-M,M042169A,2011,math,Mean number of staff members,Grade 8,0.43,50000,International average sample across participating education systems,https://timssandpirls.bc.edu/timss2011/international-released-items.html,EMPIRICAL
TIMSS-2011-G8-M,M042169B,2011,math,Median number of staff members,Grade 8,0.29,50000,International average sample across participating education systems,https://timssandpirls.bc.edu/timss2011/international-released-items.html,EMPIRICAL
TIMSS-2011-G8-M,M042169C,2011,math,Change in mean and median,Grade 8,0.13,50000,International average sample across participating education systems,https://timssandpirls.bc.edu/timss2011/international-released-items.html,EMPIRICAL
TIMSS-2011-G8-M,M032352,2011,math,The shadow lengths of four bushes,Grade 8,0.6,50000,International average sample across participating education systems,https://timssandpirls.bc.edu/timss2011/international-released-items.html,EMPIRICAL
TIMSS-2011-G8-M,M032725,2011,math,Write 3 5/6 in decimal form,Grade 8,0.25,50000,International average sample across participating education systems,https://timssandpirls.bc.edu/timss2011/international-released-items.html,EMPIRICAL
TIMSS-2011-G8-M,M032683,2011,math,Simplify 3x/8 plus x/4 plus x/2,Grade 8,0.24,50000,International average sample across participating education systems,https://timssandpirls.bc.edu/timss2011/international-released-items.html,EMPIRICAL
TIMSS-2011-G8-M,M032738,2011,math,What xy plus 1 mean,Grade 8,0.65,50000,International average sample across participating education systems,https://timssandpirls.bc.edu/timss2011/international-released-items.html,EMPIRICAL
TIMSS-2011-G8-M,M032295,2011,math,m boys and n girls in a parade,Grade 8,0.73,50000,International average sample across participating education systems,https://timssandpirls.bc.edu/timss2011/international-released-items.html,EMPIRICAL
TIMSS-2011-G8-M,M032331,2011,math,Degrees minute hand of clock turns,Grade 8,0.29,50000,International average sample across participating education systems,https://timssandpirls.bc.edu/timss2011/international-released-items.html,EMPIRICAL
TIMSS-2011-G8-M,M032623,2011,math,Area of the shaded region in figure,Grade 8,0.36,50000,International average sample across participating education systems,https://timssandpirls.bc.edu/timss2011/international-released-items.html,EMPIRICAL
TIMSS-2011-G8-M,M032679,2011,math,Shape of cutout figure,Grade 8,0.52,50000,International average sample across participating education systems,https://timssandpirls.bc.edu/timss2011/international-released-items.html,EMPIRICAL
TIMSS-2011-G8-M,M032047,2011,math,Sum of 3 consecutive whole numbers,Grade 8,0.52,50000,International average sample across participating education systems,https://timssandpirls.bc.edu/timss2011/international-released-items.html,EMPIRICAL
TIMSS-2011-G8-M,M032398,2011,math,Value of angle x in figure,Grade 8,0.46,50000,International average sample across participating education systems,https://timssandpirls.bc.edu/timss2011/international-released-items.html,EMPIRICAL
TIMSS-2011-G8-M,M032507,2011,math,Number of times spinner in red area,Grade 8,0.31,50000,International average sample across participating education systems,https://timssandpirls.bc.edu/timss2011/international-released-items.html,EMPIRICAL
TIMSS-2011-G8-M,M032424,2011,math,Jo has 3 metal blocks to weigh,Grade 8,0.47,50000,International average sample across participating education systems,https://timssandpirls.bc.edu/timss2011/international-released-items.html,EMPIRICAL
TIMSS-2011-G8-M,M032681A,2011,math,Car production graph/time cars made,Grade 8,0.6,50000,International average sample across participating education systems,https://timssandpirls.bc.edu/timss2011/international-released-items.html,EMPIRICAL
TIMSS-2011-G8-M,M032681B,2011,math,Car production graph/avg by hour,Grade 8,0.29,50000,International average sample across participating education systems,https://timssandpirls.bc.edu/timss2011/international-released-items.html,EMPIRICAL
TIMSS-2011-G8-M,M032681C,2011,math,Car production graph/identify time,Grade 8,0.34,50000,International average sample across participating education systems,https://timssandpirls.bc.edu/timss2011/international-released-items.html,EMPIRICAL
PIRLS-2011-G4-R,R21E01M,2011,english,Fly Eagle Fly,Grade 4,0.89,50000,International average sample across participating education systems,https://timssandpirls.bc.edu/pirls2011/international-released-items.html,EMPIRICAL
PIRLS-2011-G4-R,R21E02M,2011,english,Fly Eagle Fly,Grade 4,0.73,50000,International average sample across participating education systems,https://timssandpirls.bc.edu/pirls2011/international-released-items.html,EMPIRICAL
PIRLS-2011-G4-R,R21E03M,2011,english,Fly Eagle Fly,Grade 4,0.64,50000,International average sample across participating education systems,https://timssandpirls.bc.edu/pirls2011/international-released-items.html,EMPIRICAL
PIRLS-2011-G4-R,R21E04M,2011,english,Fly Eagle Fly,Grade 4,0.88,50000,International average sample across participating education systems,https://timssandpirls.bc.edu/pirls2011/international-released-items.html,EMPIRICAL
PIRLS-2011-G4-R,R31E05C,2011,english,Fly Eagle Fly,Grade 4,0.56,50000,International average sample across participating education systems,https://timssandpirls.bc.edu/pirls2011/international-released-items.html,EMPIRICAL
PIRLS-2011-G4-R,R21E06M,2011,english,Fly Eagle Fly,Grade 4,0.7,50000,International average sample across participating education systems,https://timssandpirls.bc.edu/pirls2011/international-released-items.html,EMPIRICAL
PIRLS-2011-G4-R,R31E07C,2011,english,Fly Eagle Fly,Grade 4,0.42,50000,International average sample across participating education systems,https://timssandpirls.bc.edu/pirls2011/international-released-items.html,EMPIRICAL
PIRLS-2011-G4-R,R21E08M,2011,english,Fly Eagle Fly,Grade 4,0.46,50000,International average sample across participating education systems,https://timssandpirls.bc.edu/pirls2011/international-released-items.html,EMPIRICAL
PIRLS-2011-G4-R,R31E09C,2011,english,Fly Eagle Fly,Grade 4,0.17,50000,International average sample across participating education systems,https://timssandpirls.bc.edu/pirls2011/international-released-items.html,EMPIRICAL
PIRLS-2011-G4-R,R21E10C,2011,english,Fly Eagle Fly,Grade 4,0.56,50000,International average sample across participating education systems,https://timssandpirls.bc.edu/pirls2011/international-released-items.html,EMPIRICAL
PIRLS-2011-G4-R,R21E11M,2011,english,Fly Eagle Fly,Grade 4,0.57,50000,International average sample across participating education systems,https://timssandpirls.bc.edu/pirls2011/international-released-items.html,EMPIRICAL
PIRLS-2011-G4-R,R31E12C,2011,english,Fly Eagle Fly,Grade 4,0.29,50000,International average sample across participating education systems,https://timssandpirls.bc.edu/pirls2011/international-released-items.html,EMPIRICAL
PIRLS-2011-G4-R,R21N01M,2011,english,Day Hiking,Grade 4,0.76,50000,International average sample across participating education systems,https://timssandpirls.bc.edu/pirls2011/international-released-items.html,EMPIRICAL
PIRLS-2011-G4-R,R21N02C,2011,english,Day Hiking,Grade 4,0.63,50000,International average sample across participating education systems,https://timssandpirls.bc.edu/pirls2011/international-released-items.html,EMPIRICAL
PIRLS-2011-G4-R,R31N03C,2011,english,Day Hiking,Grade 4,0.1,50000,International average sample across participating education systems,https://timssandpirls.bc.edu/pirls2011/international-released-items.html,EMPIRICAL
PIRLS-2011-G4-R,R21N04M,2011,english,Day Hiking,Grade 4,0.55,50000,International average sample across participating education systems,https://timssandpirls.bc.edu/pirls2011/international-released-items.html,EMPIRICAL
PIRLS-2011-G4-R,R21N05M,2011,english,Day Hiking,Grade 4,0.84,50000,International average sample across participating education systems,https://timssandpirls.bc.edu/pirls2011/international-released-items.html,EMPIRICAL
PIRLS-2011-G4-R,R21N06M,2011,english,Day Hiking,Grade 4,0.74,50000,International average sample across participating education systems,https://timssandpirls.bc.edu/pirls2011/international-released-items.html,EMPIRICAL
PIRLS-2011-G4-R,R21N07M,2011,english,Day Hiking,Grade 4,0.62,50000,International average sample across participating education systems,https://timssandpirls.bc.edu/pirls2011/international-released-items.html,EMPIRICAL
PIRLS-2011-G4-R,R21N08C,2011,english,Day Hiking,Grade 4,0.58,50000,International average sample across participating education systems,https://timssandpirls.bc.edu/pirls2011/international-released-items.html,EMPIRICAL
PIRLS-2011-G4-R,R21N09M,2011,english,Day Hiking,Grade 4,0.72,50000,International average sample across participating education systems,https://timssandpirls.bc.edu/pirls2011/international-released-items.html,EMPIRICAL
PIRLS-2011-G4-R,R21N10M,2011,english,Day Hiking,Grade 4,0.6,50000,International average sample across participating education systems,https://timssandpirls.bc.edu/pirls2011/international-released-items.html,EMPIRICAL
PIRLS-2011-G4-R,R21N11C,2011,english,Day Hiking,Grade 4,0.41,50000,International average sample across participating education systems,https://timssandpirls.bc.edu/pirls2011/international-released-items.html,EMPIRICAL
PIRLS-2011-G4-R,R21N12C,2011,english,Day Hiking,Grade 4,0.33,50000,International average sample across participating education systems,https://timssandpirls.bc.edu/pirls2011/international-released-items.html,EMPIRICAL
PIRLS-2011-G4-R,R31G01M,2011,english,Giant Tooth,Grade 4,0.75,50000,International average sample across participating education systems,https://timssandpirls.bc.edu/pirls2011/international-released-items.html,EMPIRICAL
PIRLS-2011-G4-R,R31G02C,2011,english,Giant Tooth,Grade 4,0.53,50000,International average sample across participating education systems,https://timssandpirls.bc.edu/pirls2011/international-released-items.html,EMPIRICAL
PIRLS-2011-G4-R,R31G03M,2011,english,Giant Tooth,Grade 4,0.71,50000,International average sample across participating education systems,https://timssandpirls.bc.edu/pirls2011/international-released-items.html,EMPIRICAL
PIRLS-2011-G4-R,R31G04C,2011,english,Giant Tooth,Grade 4,0.25,50000,International average sample across participating education systems,https://timssandpirls.bc.edu/pirls2011/international-released-items.html,EMPIRICAL
PIRLS-2011-G4-R,R31G05M,2011,english,Giant Tooth,Grade 4,0.54,50000,International average sample across participating education systems,https://timssandpirls.bc.edu/pirls2011/international-released-items.html,EMPIRICAL
PIRLS-2011-G4-R,R31G06M,2011,english,Giant Tooth,Grade 4,0.68,50000,International average sample across participating education systems,https://timssandpirls.bc.edu/pirls2011/international-released-items.html,EMPIRICAL
PIRLS-2011-G4-R,R31G07M,2011,english,Giant Tooth,Grade 4,0.57,50000,International average sample across participating education systems,https://timssandpirls.bc.edu/pirls2011/international-released-items.html,EMPIRICAL
PIRLS-2011-G4-R,R31G08CA,2011,english,Giant Tooth,Grade 4,0.34,50000,International average sample across participating education systems,https://timssandpirls.bc.edu/pirls2011/international-released-items.html,EMPIRICAL
PIRLS-2011-G4-R,R31G08CB,2011,english,Giant Tooth,Grade 4,0.15,50000,International average sample across participating education systems,https://timssandpirls.bc.edu/pirls2011/international-released-items.html,EMPIRICAL
PIRLS-2011-G4-R,R31G08CZ,2011,english,Giant Tooth,Grade 4,0.12,50000,International average sample across participating education systems,https://timssandpirls.bc.edu/pirls2011/international-released-items.html,EMPIRICAL
PIRLS-2011-G4-R,R31G09M,2011,english,Giant Tooth,Grade 4,0.58,50000,International average sample across participating education systems,https://timssandpirls.bc.edu/pirls2011/international-released-items.html,EMPIRICAL
PIRLS-2011-G4-R,R31G10C,2011,english,Giant Tooth,Grade 4,0.34,50000,International average sample across participating education systems,https://timssandpirls.bc.edu/pirls2011/international-released-items.html,EMPIRICAL
PIRLS-2011-G4-R,R31G11M,2011,english,Giant Tooth,Grade 4,0.57,50000,International average sample across participating education systems,https://timssandpirls.bc.edu/pirls2011/international-released-items.html,EMPIRICAL
PIRLS-2011-G4-R,R31G12C,2011,english,Giant Tooth,Grade 4,0.1,50000,International average sample across participating education systems,https://timssandpirls.bc.edu/pirls2011/international-released-items.html,EMPIRICAL
PIRLS-2011-G4-R,R31G13CA,2011,english,Giant Tooth,Grade 4,0.49,50000,International average sample across participating education systems,https://timssandpirls.bc.edu/pirls2011/international-released-items.html,EMPIRICAL
PIRLS-2011-G4-R,R31G13CB,2011,english,Giant Tooth,Grade 4,0.48,50000,International average sample across participating education systems,https://timssandpirls.bc.edu/pirls2011/international-released-items.html,EMPIRICAL
PIRLS-2011-G4-R,R31G13CC,2011,english,Giant Tooth,Grade 4,0.4,50000,International average sample across participating education systems,https://timssandpirls.bc.edu/pirls2011/international-released-items.html,EMPIRICAL
PIRLS-2011-G4-R,R31G13CZ,2011,english,Giant Tooth,Grade 4,0.32,50000,International average sample across participating education systems,https://timssandpirls.bc.edu/pirls2011/international-released-items.html,EMPIRICAL
PIRLS-2011-G4-R,R31G14M,2011,english,Giant Tooth,Grade 4,0.52,50000,International average sample across participating education systems,https://timssandpirls.bc.edu/pirls2011/international-released-items.html,EMPIRICAL
PIRLS-2011-G4-R,R31P01M,2011,english,Enemy Pie,Grade 4,0.71,50000,International average sample across participating education systems,https://timssandpirls.bc.edu/pirls2011/international-released-items.html,EMPIRICAL
PIRLS-2011-G4-R,R31P02C,2011,english,Enemy Pie,Grade 4,0.7,50000,International average sample across participating education systems,https://timssandpirls.bc.edu/pirls2011/international-released-items.html,EMPIRICAL
PIRLS-2011-G4-R,R31P03C,2011,english,Enemy Pie,Grade 4,0.67,50000,International average sample across participating education systems,https://timssandpirls.bc.edu/pirls2011/international-released-items.html,EMPIRICAL
PIRLS-2011-G4-R,R31P04M,2011,english,Enemy Pie,Grade 4,0.42,50000,International average sample across participating education systems,https://timssandpirls.bc.edu/pirls2011/international-released-items.html,EMPIRICAL
PIRLS-2011-G4-R,R31P05C,2011,english,Enemy Pie,Grade 4,0.29,50000,International average sample across participating education systems,https://timssandpirls.bc.edu/pirls2011/international-released-items.html,EMPIRICAL
PIRLS-2011-G4-R,R31P06C,2011,english,Enemy Pie,Grade 4,0.71,50000,International average sample across participating education systems,https://timssandpirls.bc.edu/pirls2011/international-released-items.html,EMPIRICAL
PIRLS-2011-G4-R,R31P07C,2011,english,Enemy Pie,Grade 4,0.46,50000,International average sample across participating education systems,https://timssandpirls.bc.edu/pirls2011/international-released-items.html,EMPIRICAL
PIRLS-2011-G4-R,R31P08M,2011,english,Enemy Pie,Grade 4,0.71,50000,International average sample across participating education systems,https://timssandpirls.bc.edu/pirls2011/international-released-items.html,EMPIRICAL
PIRLS-2011-G4-R,R31P09C,2011,english,Enemy Pie,Grade 4,0.66,50000,International average sample across participating education systems,https://timssandpirls.bc.edu/pirls2011/international-released-items.html,EMPIRICAL
PIRLS-2011-G4-R,R31P10M,2011,english,Enemy Pie,Grade 4,0.76,50000,International average sample across participating education systems,https://timssandpirls.bc.edu/pirls2011/international-released-items.html,EMPIRICAL
PIRLS-2011-G4-R,R31P11M,2011,english,Enemy Pie,Grade 4,0.64,50000,International average sample across participating education systems,https://timssandpirls.bc.edu/pirls2011/international-released-items.html,EMPIRICAL
PIRLS-2011-G4-R,R31P12M,2011,english,Enemy Pie,Grade 4,0.56,50000,International average sample across participating education systems,https://timssandpirls.bc.edu/pirls2011/international-released-items.html,EMPIRICAL
PIRLS-2011-G4-R,R31P13M,2011,english,Enemy Pie,Grade 4,0.79,50000,International average sample across participating education systems,https://timssandpirls.bc.edu/pirls2011/international-released-items.html,EMPIRICAL
PIRLS-2011-G4-R,R31P14C,2011,english,Enemy Pie,Grade 4,0.5,50000,International average sample across participating education systems,https://timssandpirls.bc.edu/pirls2011/international-released-items.html,EMPIRICAL
PIRLS-2011-G4-R,R31P15C,2011,english,Enemy Pie,Grade 4,0.24,50000,International average sample across participating education systems,https://timssandpirls.bc.edu/pirls2011/international-released-items.html,EMPIRICAL
PIRLS-2011-G4-R,R31P16C,2011,english,Enemy Pie,Grade 4,0.3,50000,International average sample across participating education systems,https://timssandpirls.bc.edu/pirls2011/international-released-items.html,EMPIRICAL
NAEP-2017-G4-M,M3723MS,2017,math,Number Properties and Operations,Grade 4,0.5788,15000,NAEP national representative public school sample,https://www.nationsreportcard.gov/nqt/,EMPIRICAL
NAEP-2017-G4-M,M3688CL,2017,math,"Data Analysis, Statistics, and Probability",Grade 4,0.5137,15000,NAEP national representative public school sample,https://www.nationsreportcard.gov/nqt/,EMPIRICAL
NAEP-2017-G4-M,M367801,2017,math,Number Properties and Operations,Grade 4,0.4345,15000,NAEP national representative public school sample,https://www.nationsreportcard.gov/nqt/,EMPIRICAL
NAEP-2017-G4-M,M3714MS,2017,math,Number Properties and Operations,Grade 4,0.3168,15000,NAEP national representative public school sample,https://www.nationsreportcard.gov/nqt/,EMPIRICAL
NAEP-2017-G4-M,M3706MS,2017,math,Measurement,Grade 4,0.1233,15000,NAEP national representative public school sample,https://www.nationsreportcard.gov/nqt/,EMPIRICAL
NAEP-2017-G4-M,M3744E0,2017,math,Number Properties and Operations,Grade 4,0.1928,15000,NAEP national representative public school sample,https://www.nationsreportcard.gov/nqt/,EMPIRICAL
NAEP-2017-G4-M,M3719MS,2017,math,Geometry,Grade 4,0.4158,15000,NAEP national representative public school sample,https://www.nationsreportcard.gov/nqt/,EMPIRICAL
NAEP-2017-G4-M,M3727MS,2017,math,Geometry,Grade 4,0.2285,15000,NAEP national representative public school sample,https://www.nationsreportcard.gov/nqt/,EMPIRICAL
NAEP-2017-G4-M,M3685EM,2017,math,Number Properties and Operations,Grade 4,0.1194,15000,NAEP national representative public school sample,https://www.nationsreportcard.gov/nqt/,EMPIRICAL
NAEP-2017-G4-M,M3746CL,2017,math,Geometry,Grade 4,0.0319,15000,NAEP national representative public school sample,https://www.nationsreportcard.gov/nqt/,EMPIRICAL
NAEP-2017-G4-M,M3461E1,2017,math,"Data Analysis, Statistics, and Probability",Grade 4,0.3129,15000,NAEP national representative public school sample,https://www.nationsreportcard.gov/nqt/,EMPIRICAL
NAEP-2017-G4-M,M3468CL,2017,math,Algebra,Grade 4,0.2188,15000,NAEP national representative public school sample,https://www.nationsreportcard.gov/nqt/,EMPIRICAL
NAEP-2017-G4-M,D3479MS,2017,math,Number Properties and Operations,Grade 4,0.2503,15000,NAEP national representative public school sample,https://www.nationsreportcard.gov/nqt/,EMPIRICAL
NAEP-2017-G4-M,M230301,2017,math,Measurement,Grade 4,0.3508,15000,NAEP national representative public school sample,https://www.nationsreportcard.gov/nqt/,EMPIRICAL
NAEP-2017-G4-M,M3483E1,2017,math,"Data Analysis, Statistics, and Probability",Grade 4,0.0654,15000,NAEP national representative public school sample,https://www.nationsreportcard.gov/nqt/,EMPIRICAL
NAEP-2017-G8-M,M3806MS,2017,math,"Data Analysis, Statistics, and Probability",Grade 8,0.9385,15000,NAEP national representative public school sample,https://www.nationsreportcard.gov/nqt/,EMPIRICAL
NAEP-2017-G8-M,M3834E1,2017,math,Number Properties and Operations,Grade 8,0.4734,15000,NAEP national representative public school sample,https://www.nationsreportcard.gov/nqt/,EMPIRICAL
NAEP-2017-G8-M,M3825EM,2017,math,Algebra,Grade 8,0.489,15000,NAEP national representative public school sample,https://www.nationsreportcard.gov/nqt/,EMPIRICAL
NAEP-2017-G8-M,M3838MS,2017,math,Measurement,Grade 8,0.5899,15000,NAEP national representative public school sample,https://www.nationsreportcard.gov/nqt/,EMPIRICAL
NAEP-2017-G8-M,M3851MS,2017,math,Algebra,Grade 8,0.4388,15000,NAEP national representative public school sample,https://www.nationsreportcard.gov/nqt/,EMPIRICAL
NAEP-2017-G8-M,M3675E1,2017,math,Measurement,Grade 8,0.1212,15000,NAEP national representative public school sample,https://www.nationsreportcard.gov/nqt/,EMPIRICAL
NAEP-2017-G8-M,M3822MS,2017,math,Measurement,Grade 8,0.6742,15000,NAEP national representative public school sample,https://www.nationsreportcard.gov/nqt/,EMPIRICAL
NAEP-2017-G8-M,M3821MS,2017,math,Geometry,Grade 8,0.1292,15000,NAEP national representative public school sample,https://www.nationsreportcard.gov/nqt/,EMPIRICAL
NAEP-2017-G8-M,M3842E2,2017,math,Algebra,Grade 8,0.1509,15000,NAEP national representative public school sample,https://www.nationsreportcard.gov/nqt/,EMPIRICAL
NAEP-2017-G8-M,M3814EM,2017,math,Geometry,Grade 8,0.0672,15000,NAEP national representative public school sample,https://www.nationsreportcard.gov/nqt/,EMPIRICAL
NAEP-2017-G8-M,M3817MS,2017,math,"Data Analysis, Statistics, and Probability",Grade 8,0.2038,15000,NAEP national representative public school sample,https://www.nationsreportcard.gov/nqt/,EMPIRICAL
NAEP-2017-G8-M,M3818E2,2017,math,Geometry,Grade 8,0.0969,15000,NAEP national representative public school sample,https://www.nationsreportcard.gov/nqt/,EMPIRICAL
NAEP-2017-G8-M,D2357MS,2017,math,Number Properties and Operations,Grade 8,0.7906,15000,NAEP national representative public school sample,https://www.nationsreportcard.gov/nqt/,EMPIRICAL
NAEP-2017-G8-M,M3553E1,2017,math,Algebra,Grade 8,0.6622,15000,NAEP national representative public school sample,https://www.nationsreportcard.gov/nqt/,EMPIRICAL
NAEP-2017-G8-M,M3564E1,2017,math,Geometry,Grade 8,0.1943,15000,NAEP national representative public school sample,https://www.nationsreportcard.gov/nqt/,EMPIRICAL
NAEP-2017-G8-M,M3566CL,2017,math,Number Properties and Operations,Grade 8,0.2656,15000,NAEP national representative public school sample,https://www.nationsreportcard.gov/nqt/,EMPIRICAL
NAEP-2017-G8-M,M3569E1,2017,math,Algebra,Grade 8,0.219,15000,NAEP national representative public school sample,https://www.nationsreportcard.gov/nqt/,EMPIRICAL
NAEP-2017-G4-R,R079504,2017,english,Literary,Grade 4,0.1416,15000,NAEP national representative public school sample,https://www.nationsreportcard.gov/nqt/,EMPIRICAL
NAEP-2017-G4-R,R079510,2017,english,Literary,Grade 4,0.104,15000,NAEP national representative public school sample,https://www.nationsreportcard.gov/nqt/,EMPIRICAL
NAEP-2017-G8-R,R079504,2017,english,Literary,Grade 8,0.4852,15000,NAEP national representative public school sample,https://www.nationsreportcard.gov/nqt/,EMPIRICAL
NAEP-2017-G8-R,R079510,2017,english,Literary,Grade 8,0.3875,15000,NAEP national representative public school sample,https://www.nationsreportcard.gov/nqt/,EMPIRICAL
NAEP-2017-G8-R,R069706,2017,english,Informational,Grade 8,0.3105,15000,NAEP national representative public school sample,https://www.nationsreportcard.gov/nqt/,EMPIRICAL
NAEP-2017-G8-R,R069708,2017,english,Informational,Grade 8,0.2589,15000,NAEP national representative public school sample,https://www.nationsreportcard.gov/nqt/,EMPIRICAL
KR-KICE-GED-ELEM,ELEM-M-Q01,2024,math,Numbers and Operations,Elementary Qualification,,,KICE official policy withholds item-level correct rates,https://www.kice.re.kr/boardCnts/list.do?boardID=1500213&m=030305&s=kice,STRUCTURAL_ONLY
KR-KICE-GED-ELEM,ELEM-M-Q02,2024,math,Fractions and Decimals,Elementary Qualification,,,KICE official policy withholds item-level correct rates,https://www.kice.re.kr/boardCnts/list.do?boardID=1500213&m=030305&s=kice,STRUCTURAL_ONLY
KR-KICE-GED-ELEM,ELEM-M-Q03,2024,math,Geometry and Figures,Elementary Qualification,,,KICE official policy withholds item-level correct rates,https://www.kice.re.kr/boardCnts/list.do?boardID=1500213&m=030305&s=kice,STRUCTURAL_ONLY
KR-KICE-GED-MID,MID-M-Q01,2024,math,Integers and Rational Numbers,Middle School Qualification,,,KICE official policy withholds item-level correct rates,https://www.kice.re.kr/boardCnts/list.do?boardID=1500213&m=030305&s=kice,STRUCTURAL_ONLY
KR-KICE-GED-MID,MID-M-Q02,2024,math,Linear Equations,Middle School Qualification,,,KICE official policy withholds item-level correct rates,https://www.kice.re.kr/boardCnts/list.do?boardID=1500213&m=030305&s=kice,STRUCTURAL_ONLY
KR-KICE-GED-HIGH,HIGH-M-Q01,2024,math,Polynomial Operations,High School Qualification,,,KICE official policy withholds item-level correct rates,https://www.kice.re.kr/boardCnts/list.do?boardID=1500213&m=030305&s=kice,STRUCTURAL_ONLY
KR-KICE-GED-HIGH,HIGH-M-Q02,2024,math,Equations and Inequalities,High School Qualification,,,KICE official policy withholds item-level correct rates,https://www.kice.re.kr/boardCnts/list.do?boardID=1500213&m=030305&s=kice,STRUCTURAL_ONLY
KR-KICE-CSAT-2024,CSAT-2024-M-Q01,2024,math,Exponents and Logarithms,Grade 12 / High School Graduates,,,KICE official policy withholds item-level correct rates (academy numbers are unverified),https://www.kice.re.kr/boardCnts/list.do?boardID=1500211&m=030301&s=kice,STRUCTURAL_ONLY
KR-KICE-CSAT-2024,CSAT-2024-M-Q02,2024,math,Calculus (Differentiation),Grade 12 / High School Graduates,,,KICE official policy withholds item-level correct rates (academy numbers are unverified),https://www.kice.re.kr/boardCnts/list.do?boardID=1500211&m=030301&s=kice,STRUCTURAL_ONLY
KR-KICE-MOCK-2024,MOCK-2024-M-Q01,2024,math,Trigonometric Functions,Grade 12 Cohort,,,KICE official policy withholds item-level correct rates,https://www.kice.re.kr/boardCnts/list.do?boardID=1500212&m=030302&s=kice,STRUCTURAL_ONLY
KR-KICE-NAEA-2023,NAEA-2023-M-M3,2023,math,Middle School Grade 3 Mathematics Domain,Middle School Grade 3 (3% Sample),,,"Achievement level distribution published, individual item p-values restricted",https://www.inaea.re.kr/,STRUCTURAL_ONLY
UK-STA-KS2-2024,KS2-2024-M-P1-Q01,2024,math,Arithmetic,Year 6 (Age 11),,,Item-level national percentages restricted to ASP/RAISEonline,https://www.gov.uk/government/collections/national-curriculum-assessments-practice-materials,STRUCTURAL_ONLY
CA-EQAO-2023,EQAO-2023-G6-M01,2023,math,Patterning and Algebra,Grade 6,,,Released assessment questions with rubrics; item success percentages not publicly tabulated,https://www.eqao.com/,STRUCTURAL_ONLY
AU-ACARA-NAPLAN-2023,NAPLAN-2023-Y7-NUM01,2023,math,Number and Algebra,Year 7,,,Band distributions published; item p-values retained for bank security,https://www.acara.edu.au/assessment/naplan,STRUCTURAL_ONLY
NZ-NZCER-NMSSA-2022,NMSSA-2022-Y8-MAT01,2022,math,Mathematical Thinking,Year 8,,,Scale score reports published; item-level statistics unavailable publicly,https://nmssa.otago.ac.nz/,STRUCTURAL_ONLY
FR-DEPP-EVAL-2023,DEPP-2023-6E-MAT01,2023,math,Nombres et calculs,Classe de 6ème,,,National benchmark proportions published; item success rates not publicly distributed,https://www.education.gouv.fr/etudes-et-statistiques,STRUCTURAL_ONLY
DE-IQB-BT-2021,IQB-2021-G9-MAT01,2021,math,Zahlen und Operationen,Sekundarstufe I (Grade 9),,,Competency level distributions published; item solution frequencies not open-access,https://www.iqb.hu-berlin.de/bt/,STRUCTURAL_ONLY
