source_id,country,institution,exam_family,year,subject,official_url,publication_status,license_status,usage_note,data_status
TIMSS-2011-G4-M,INT,IEA,TIMSS,2011,math,https://timssandpirls.bc.edu/timss2011/international-released-items.html,PUBLISHED,IEA Public Research / Released Items,International average percent correct from official released items statistics (T11_UG_G4_M),EMPIRICAL
TIMSS-2011-G8-M,INT,IEA,TIMSS,2011,math,https://timssandpirls.bc.edu/timss2011/international-released-items.html,PUBLISHED,IEA Public Research / Released Items,International average percent correct from official released items statistics (T11_UG_G8_M),EMPIRICAL
PIRLS-2011-G4-R,INT,IEA,PIRLS,2011,english,https://timssandpirls.bc.edu/pirls2011/international-released-items.html,PUBLISHED,IEA Public Research / Released Items,International average percent correct from official released items statistics (P11_UG_Released_Items),EMPIRICAL
NAEP-2017-G4-M,US,NCES,NAEP,2017,math,https://www.nationsreportcard.gov/nqt/,PUBLISHED,US Government Work (Public Domain),National public percent correct from NAEP Questions Tool released items,EMPIRICAL
NAEP-2017-G8-M,US,NCES,NAEP,2017,math,https://www.nationsreportcard.gov/nqt/,PUBLISHED,US Government Work (Public Domain),National public percent correct from NAEP Questions Tool released items,EMPIRICAL
NAEP-2017-G4-R,US,NCES,NAEP,2017,english,https://www.nationsreportcard.gov/nqt/,PUBLISHED,US Government Work (Public Domain),National public percent correct from NAEP Questions Tool released items,EMPIRICAL
NAEP-2017-G8-R,US,NCES,NAEP,2017,english,https://www.nationsreportcard.gov/nqt/,PUBLISHED,US Government Work (Public Domain),National public percent correct from NAEP Questions Tool released items,EMPIRICAL
KR-KICE-GED-ELEM,KR,KICE,GED-ELEM,2024,math,https://www.kice.re.kr/boardCnts/list.do?boardID=1500213&m=030305&s=kice,PARTIAL_RELEASE,Korea Open Government License (KOGL) Type 1,Question papers and answer keys released; item-level correct rates withheld by authority policy,STRUCTURAL_ONLY
KR-KICE-GED-MID,KR,KICE,GED-MID,2024,math,https://www.kice.re.kr/boardCnts/list.do?boardID=1500213&m=030305&s=kice,PARTIAL_RELEASE,Korea Open Government License (KOGL) Type 1,Question papers and answer keys released; item-level correct rates withheld by authority policy,STRUCTURAL_ONLY
KR-KICE-GED-HIGH,KR,KICE,GED-HIGH,2024,math,https://www.kice.re.kr/boardCnts/list.do?boardID=1500213&m=030305&s=kice,PARTIAL_RELEASE,Korea Open Government License (KOGL) Type 1,Question papers and answer keys released; item-level correct rates withheld by authority policy,STRUCTURAL_ONLY
KR-KICE-CSAT-2024,KR,KICE,CSAT,2024,math,https://www.kice.re.kr/boardCnts/list.do?boardID=1500211&m=030301&s=kice,PARTIAL_RELEASE,Korea Open Government License (KOGL) Type 1,Standard score distributions published; official item-level correct rates withheld by policy (hagwon rates are unverified estimates),STRUCTURAL_ONLY
KR-KICE-MOCK-2024,KR,KICE,MOCK-CSAT,2024,math,https://www.kice.re.kr/boardCnts/list.do?boardID=1500212&m=030302&s=kice,PARTIAL_RELEASE,Korea Open Government License (KOGL) Type 1,Official KICE Mock Evaluation test papers and answer keys released; item-level correct rates withheld,STRUCTURAL_ONLY
KR-KICE-NAEA-2023,KR,KICE,NAEA,2023,math,https://www.inaea.re.kr/,SUMMARY_ONLY,Korea Open Government License (KOGL) Type 1,4-tier achievement level distribution published; individual item p-values restricted to research reports,STRUCTURAL_ONLY
UK-STA-KS2-2024,UK,STA,KS2,2024,math,https://www.gov.uk/government/collections/national-curriculum-assessments-practice-materials,PARTIAL_RELEASE,Open Government Licence v3.0,National curriculum test materials released; question-level performance restricted to schools platform,STRUCTURAL_ONLY
CA-EQAO-2023,CA,EQAO,EQAO-G3-G6,2023,math,https://www.eqao.com/,PARTIAL_RELEASE,Crown Copyright Ontario / Educational Use,Assessment questions and scoring guides released; provincial item-level correct rates not published,STRUCTURAL_ONLY
AU-ACARA-NAPLAN-2023,AU,ACARA,NAPLAN,2023,math,https://www.acara.edu.au/assessment/naplan,SUMMARY_ONLY,CC BY 4.0,Proficiency levels and test bands published; item-level statistics withheld for test bank security,STRUCTURAL_ONLY
NZ-NZCER-NMSSA-2022,NZ,NZCER,NMSSA,2022,math,https://nmssa.otago.ac.nz/,SUMMARY_ONLY,Crown Copyright NZ,Curriculum level scale scores published; item-level difficulty metrics not publicly accessible,STRUCTURAL_ONLY
FR-DEPP-EVAL-2023,FR,DEPP,Repères-CP-CE1-6e,2023,math,https://www.education.gouv.fr/etudes-et-statistiques,SUMMARY_ONLY,Licence Ouverte v2.0 (Etalab),National achievement proportions published; item-level success rates not released in open datasets,STRUCTURAL_ONLY
DE-IQB-BT-2021,DE,IQB,IQB-Bildungstrend,2021,math,https://www.iqb.hu-berlin.de/bt/,SUMMARY_ONLY,CC BY-NC 4.0,Federal state competency level distributions published; item solution frequencies not published,STRUCTURAL_ONLY
